t(s),E(s),F(s),theta,E(theta),F(theta)
0,1.494579E-06,0,0,0.0003267189,0
0.6,1.683042E-06,9.532869E-07,0.002757742,0.0003681228,9.532869E-07
1.2,1.596963E-06,1.937288E-06,0.005515483,0.0003495737,1.937288E-06
1.8,1.836618E-06,2.967363E-06,0.008273225,0.0004024051,2.967363E-06
2.4,1.71679E-06,4.033385E-06,0.01103097,0.0003759894,4.033385E-06
3,1.477136E-06,4.991563E-06,0.01378871,0.0003231581,4.991563E-06
3.6,1.796756E-06,5.97373E-06,0.01654645,0.0003929238,5.97373E-06
4.2,1.820314E-06,7.058853E-06,0.01930419,0.0003980993,7.058853E-06
4.8,1.985219E-06,8.200513E-06,0.02206194,0.0004343277,8.200513E-06
5.4,1.644079E-06,9.289301E-06,0.02481968,0.0003599247,9.289301E-06
6,1.702525E-06,1.029328E-05,0.02757742,0.0003722218,1.029328E-05
6.6,1.475098E-06,1.124657E-05,0.03033516,0.0003226198,1.124657E-05
7.2,1.916583E-06,1.226407E-05,0.0330929,0.0004193395,1.226407E-05
7.8,1.957585E-06,1.342632E-05,0.03585064,0.0004280758,1.342632E-05
8.4,1.822352E-06,1.45603E-05,0.03860839,0.0003986375,1.45603E-05
9,1.600141E-06,1.558705E-05,0.04136612,0.0003493669,1.558705E-05
9.6,1.492541E-06,1.651486E-05,0.04412386,0.0003261806,1.651486E-05
10.2,1.121729E-06,1.729914E-05,0.04688161,0.0002449874,1.729914E-05
10.8,1.072576E-06,1.795743E-05,0.04963935,0.0002340983,1.795743E-05
11.4,1.076652E-06,1.86022E-05,0.05239709,0.0002351747,1.86022E-05
12,1.259E-06,1.93029E-05,0.05515483,0.000274964,1.93029E-05
12.6,1.211885E-06,2.004416E-05,0.05791257,0.000264613,2.004416E-05
13.2,1.023422E-06,2.071475E-05,0.06067031,0.000223209,2.071475E-05
13.8,1.139173E-06,2.136353E-05,0.06342806,0.0002485483,2.136353E-05
14.4,1.129881E-06,2.204425E-05,0.0661858,0.0002471404,2.204425E-05
15,1.141211E-06,2.272557E-05,0.06894354,0.0002490865,2.272557E-05
15.6,1.261039E-06,2.344625E-05,0.07170128,0.0002755022,2.344625E-05
16.2,9.434559E-07,2.41076E-05,0.07445902,0.0002062747,2.41076E-05
16.8,8.646307E-07,2.465003E-05,0.07721676,0.0001885953,2.465003E-05
17.4,7.50917E-07,2.513469E-05,0.07997451,0.0001637943,2.513469E-05
18,9.588622E-07,2.564762E-05,0.08273225,0.0002092972,2.564762E-05
18.6,1.051056E-06,2.62506E-05,0.08548999,0.000229461,2.62506E-05
19.2,7.919189E-07,2.680349E-05,0.08824773,0.0001725306,2.680349E-05
19.8,1.143249E-06,2.738404E-05,0.09100547,0.0002496247,2.738404E-05
20.4,1.192403E-06,2.808474E-05,0.09376321,0.0002605139,2.808474E-05
21,1.222075E-06,2.880908E-05,0.09652096,0.0002673041,2.880908E-05
21.6,1.37679E-06,2.958874E-05,0.09927872,0.0003008414,2.958874E-05
22.2,9.629378E-07,3.029066E-05,0.1020365,0.0002103737,3.029066E-05
22.8,9.332661E-07,3.085952E-05,0.1047942,0.0002035835,3.085952E-05
23.4,8.041464E-07,3.138074E-05,0.1075519,0.0001757599,3.138074E-05
24,8.195527E-07,3.186786E-05,0.1103097,0.0001787825,3.186786E-05
24.6,8.000708E-07,3.235374E-05,0.1130674,0.0001746835,3.235374E-05
25.2,7.29397E-07,3.281258E-05,0.1158252,0.000159157,3.281258E-05
25.8,8.841125E-07,3.329663E-05,0.1185829,0.0001926943,3.329663E-05
26.4,7.50917E-07,3.378714E-05,0.1213406,0.0001637943,3.378714E-05
27,8.277044E-07,3.426073E-05,0.1240984,0.0001809354,3.426073E-05
27.6,8.431107E-07,3.476197E-05,0.1268561,0.000183958,3.476197E-05
28.2,1.080727E-06,3.533913E-05,0.1296139,0.0002362511,3.533913E-05
28.8,1.008016E-06,3.596575E-05,0.1323716,0.0002201865,3.596575E-05
29.4,8.943023E-07,3.653644E-05,0.1351294,0.0001953854,3.653644E-05
30,7.468411E-07,3.702878E-05,0.1378871,0.0001627178,3.702878E-05
30.6,8.431107E-07,3.750577E-05,0.1406449,0.000183958,3.750577E-05
31.2,4.97894E-07,3.790807E-05,0.1434026,0.0001084785,3.790807E-05
31.8,6.680157E-07,3.825784E-05,0.1461603,0.0001450384,3.825784E-05
32.4,6.680157E-07,3.865866E-05,0.148918,0.0001450384,3.865866E-05
33,4.722982E-07,3.900075E-05,0.1516758,0.0001027648,3.900075E-05
33.6,7.09915E-07,3.935541E-05,0.1544335,0.0001550579,3.935541E-05
34.2,7.805884E-07,3.980256E-05,0.1571913,0.0001705844,3.980256E-05
34.8,6.802433E-07,4.024081E-05,0.159949,0.0001482678,4.024081E-05
35.4,7.09915E-07,4.065786E-05,0.1627068,0.0001550579,4.065786E-05
36,7.826265E-07,4.110563E-05,0.1654645,0.0001711227,4.110563E-05
36.6,7.672207E-07,4.157058E-05,0.1682223,0.0001681001,4.157058E-05
37.2,8.061845E-07,4.20426E-05,0.17098,0.0001762982,4.20426E-05
37.8,9.905719E-07,4.258163E-05,0.1737377,0.0002166256,4.258163E-05
38.4,1.031574E-06,4.318827E-05,0.1764955,0.000225362,4.318827E-05
39,8.841125E-07,4.376298E-05,0.1792532,0.0001926943,4.376298E-05
39.6,1.304078E-06,4.441943E-05,0.182011,0.0002847767,4.441943E-05
40.2,1.241557E-06,4.518312E-05,0.1847687,0.0002714031,4.518312E-05
40.8,1.051056E-06,4.587091E-05,0.1875264,0.000229461,4.587091E-05
41.4,9.353042E-07,4.646681E-05,0.1902842,0.0002041218,4.646681E-05
42,9.803821E-07,4.704152E-05,0.1930419,0.0002139345,4.704152E-05
42.6,8.922643E-07,4.760332E-05,0.1957997,0.0001948472,4.760332E-05
43.2,1.069397E-06,4.819181E-05,0.1985574,0.000234305,4.819181E-05
43.8,8.76858E-07,4.877569E-05,0.2013151,0.0001918246,4.877569E-05
44.4,8.358562E-07,4.92895E-05,0.2040729,0.0001830883,4.92895E-05
45,6.965467E-07,4.974922E-05,0.2068306,0.0001525736,4.974922E-05
45.6,6.965467E-07,5.016715E-05,0.2095884,0.0001525736,5.016715E-05
46.2,6.863571E-07,5.058202E-05,0.2123461,0.0001498825,5.058202E-05
46.8,4.548542E-07,5.092439E-05,0.2151039,9.920401E-05,5.092439E-05
47.4,6.197594E-07,5.124677E-05,0.2178616,0.0001354325,5.124677E-05
48,6.351655E-07,5.162325E-05,0.2206194,0.000138455,5.162325E-05
48.6,5.0197E-07,5.196439E-05,0.2233771,0.000109555,5.196439E-05
49.2,3.923323E-07,5.223268E-05,0.2261349,8.583046E-05,5.223268E-05
49.8,2.367194E-07,5.24214E-05,0.2288926,5.10099E-05,5.24214E-05
50.4,3.411406E-07,5.259475E-05,0.2316503,7.4403E-05,5.259475E-05
51,6.197594E-07,5.288302E-05,0.234408,0.0001354325,5.288302E-05
51.6,5.409339E-07,5.323123E-05,0.2371658,0.0001177531,5.323123E-05
52.2,3.995866E-07,5.351339E-05,0.2399235,8.67001E-05,5.351339E-05
52.8,3.760287E-07,5.374607E-05,0.2426813,8.152461E-05,5.374607E-05
53.4,6.627992E-07,5.405772E-05,0.245439,0.000144707,5.405772E-05
54,5.409339E-07,5.441884E-05,0.2481968,0.0001177531,5.441884E-05
54.6,5.214519E-07,5.473756E-05,0.2509545,0.000113654,5.473756E-05
55.2,4.8045E-07,5.503813E-05,0.2537122,0.0001049177,5.503813E-05
55.8,4.487403E-07,5.531688E-05,0.25647,9.758932E-05,5.531688E-05
56.4,3.687744E-07,5.556214E-05,0.2592277,8.065496E-05,5.556214E-05
57,6.392414E-07,5.586454E-05,0.2619855,0.0001395315,5.586454E-05
57.6,5.080838E-07,5.620874E-05,0.2647432,0.0001111697,5.620874E-05
58.2,7.046984E-07,5.657258E-05,0.267501,0.0001547265,5.657258E-05
58.8,4.24042E-07,5.69112E-05,0.2702587,9.315885E-05,5.69112E-05
59.4,3.687744E-07,5.714904E-05,0.2730164,8.065496E-05,5.714904E-05
60,6.802433E-07,5.746375E-05,0.2757742,0.0001482678,5.746375E-05
60.6,5.214519E-07,5.782426E-05,0.2785319,0.000113654,5.782426E-05
61.2,6.054938E-07,5.816234E-05,0.2812896,0.0001316649,5.816234E-05
61.8,5.5634E-07,5.851089E-05,0.2840474,0.0001207756,5.851089E-05
62.4,5.173761E-07,5.8833E-05,0.2868051,0.0001125776,5.8833E-05
63,5.19414E-07,5.914404E-05,0.2895629,0.0001131158,5.914404E-05
63.6,4.333342E-07,5.942987E-05,0.2923206,9.456675E-05,5.942987E-05
64.2,6.217973E-07,5.974641E-05,0.2950784,0.0001359707,5.974641E-05
64.8,9.271524E-07,6.021109E-05,0.2978361,0.0002019688,6.021109E-05
65.4,6.372034E-07,6.06804E-05,0.3005939,0.0001389933,6.06804E-05
66,1.072576E-06,6.119333E-05,0.3033516,0.0002340983,6.119333E-05
66.6,8.012112E-07,6.175547E-05,0.3061094,0.0001739385,6.175547E-05
67.2,1.295927E-06,6.238461E-05,0.3088671,0.0002826238,6.238461E-05
67.8,1.53876E-06,6.323501E-05,0.3116248,0.0003352484,6.323501E-05
68.4,2.226015E-06,6.436445E-05,0.3143825,0.0004864141,6.436445E-05
69,2.845774E-06,6.588598E-05,0.3171403,0.0006218465,6.588598E-05
69.6,4.2255E-06,6.800736E-05,0.319898,0.0009245096,6.800736E-05
70.2,5.308265E-06,7.086749E-05,0.3226558,0.001161299,7.086749E-05
70.8,7.721601E-06,7.477647E-05,0.3254135,0.001689861,7.477647E-05
71.4,1.01157E-05,8.012766E-05,0.3281713,0.002212297,8.012766E-05
72,1.380483E-05,8.730378E-05,0.330929,0.003016074,8.730378E-05
72.6,1.858308E-05,9.702018E-05,0.3336867,0.004056226,9.702018E-05
73.2,2.447311E-05,0.000109937,0.3364445,0.005336646,0.000109937
73.8,3.512191E-05,0.0001278156,0.3392022,0.007653119,0.0001278156
74.4,4.686554E-05,0.0001524118,0.34196,0.01020224,0.0001524118
75,6.392444E-05,0.0001856488,0.3447177,0.01391557,0.0001856488
75.6,8.414457E-05,0.0002300695,0.3474755,0.01830266,0.0002300695
76.2,0.0001043636,0.0002866219,0.3502332,0.0226811,0.0002866219
76.8,0.000124343,0.0003552339,0.352991,0.02700671,0.0003552339
77.4,0.0001463761,0.0004364496,0.3557487,0.0317575,0.0004364496
78,0.0001713414,0.0005317649,0.3585064,0.03717079,0.0005317649
78.6,0.0001937806,0.0006413014,0.3612641,0.04200584,0.0006413014
79.2,0.0002191971,0.0007651948,0.3640219,0.04749644,0.0007651948
79.8,0.0002467944,0.0009049924,0.3667796,0.05345627,0.0009049924
80.4,0.0002605853,0.001057206,0.3695374,0.05645716,0.001057206
81,0.0003022423,0.001226054,0.3722951,0.06545539,0.001226054
81.6,0.000363254,0.001425703,0.3750529,0.07872932,0.001425703
82.2,0.0004451367,0.001668221,0.3778106,0.09651098,0.001668221
82.8,0.0005508978,0.001967031,0.3805684,0.1195131,0.001967031
83.4,0.0006296245,0.002321188,0.3833261,0.1366568,0.002321188
84,0.0007603753,0.002738188,0.3860839,0.1650357,0.002738188
84.6,0.0008060095,0.003208103,0.3888416,0.1751095,0.003208103
85.2,0.0008945384,0.003718267,0.3915993,0.1943598,0.003718267
85.8,0.0009137693,0.00426076,0.3943571,0.1985651,0.00426076
86.4,0.0009887851,0.004831526,0.3971148,0.2149642,0.004831526
87,0.001024185,0.005435417,0.3998725,0.2226751,0.005435417
87.6,0.001037243,0.006053846,0.4026303,0.2255264,0.006053846
88.2,0.001040859,0.006677276,0.405388,0.226339,0.006677276
88.8,0.001127499,0.007327784,0.4081458,0.2450602,0.007327784
89.4,0.001220826,0.008032281,0.4109035,0.2653903,0.008032281
90,0.001332393,0.008798245,0.4136612,0.2895334,0.008798245
90.6,0.001379533,0.009611826,0.416419,0.2997788,0.009611826
91.2,0.001384072,0.0104409,0.4191767,0.3008855,0.0104409
91.8,0.001448077,0.01129055,0.4219345,0.3149468,0.01129055
92.4,0.001472693,0.01216679,0.4246922,0.3202124,0.01216679
93,0.001426528,0.01303655,0.42745,0.3101565,0.01303655
93.6,0.001482944,0.01390939,0.4302077,0.3224226,0.01390939
94.2,0.001525974,0.01481206,0.4329655,0.3317468,0.01481206
94.8,0.001517551,0.01572512,0.4357232,0.3299597,0.01572512
95.4,0.001484977,0.01662588,0.4384809,0.3228122,0.01662588
96,0.001580066,0.0175454,0.4412386,0.3434236,0.0175454
96.6,0.001616312,0.0185043,0.4439964,0.3514174,0.0185043
97.2,0.001692852,0.01949705,0.4467541,0.3679964,0.01949705
97.8,0.001790883,0.02054218,0.4495119,0.3894749,0.02054218
98.4,0.002026919,0.02168752,0.4522696,0.4410303,0.02168752
99,0.002126791,0.02293363,0.4550274,0.4628137,0.02293363
99.6,0.002384036,0.02428688,0.4577851,0.5189568,0.02428688
100.2,0.002488377,0.0257486,0.4605429,0.5414824,0.0257486
100.8,0.002568223,0.02726558,0.4633006,0.5589585,0.02726558
101.4,0.002650316,0.02883114,0.4660584,0.5767769,0.02883114
102,0.002726449,0.03044417,0.4688161,0.5931811,0.03044417
102.6,0.002896298,0.03213099,0.4715738,0.62996,0.03213099
103.2,0.002882616,0.03386467,0.4743316,0.6269178,0.03386467
103.8,0.002962789,0.03561829,0.4770893,0.6443505,0.03561829
104.4,0.003092017,0.03743473,0.479847,0.6721167,0.03743473
105,0.003083233,0.03928731,0.4826048,0.6702907,0.03928731
105.6,0.003281086,0.04119661,0.4853625,0.7133062,0.04119661
106.2,0.003350435,0.04318606,0.4881203,0.7283144,0.04318606
106.8,0.003346909,0.04519526,0.490878,0.7274961,0.04519526
107.4,0.003324649,0.04719673,0.4936357,0.7229605,0.04719673
108,0.00324543,0.04916775,0.4963935,0.7054932,0.04916775
108.6,0.003304259,0.05113266,0.4991512,0.7183276,0.05113266
109.2,0.003362323,0.05313263,0.501909,0.7308756,0.05313263
109.8,0.003616512,0.05522628,0.5046667,0.786108,0.05522628
110.4,0.003706436,0.05742317,0.5074245,0.8054126,0.05742317
111,0.003673713,0.05963721,0.5101822,0.7986714,0.05963721
111.6,0.004105166,0.06197088,0.51294,0.8926347,0.06197088
112.2,0.004147591,0.06444671,0.5156977,0.9019143,0.06444671
112.8,0.004244918,0.06696446,0.5184555,0.9237203,0.06696446
113.4,0.00452583,0.06959568,0.5212131,0.9847602,0.06959568
114,0.004420508,0.07227958,0.5239709,0.9618302,0.07227958
114.6,0.004382947,0.07492062,0.5267286,0.9532557,0.07492062
115.2,0.00443663,0.07756649,0.5294864,0.9646617,0.07756649
115.8,0.00443701,0.08022858,0.5322441,0.96478,0.08022858
116.4,0.004501467,0.08291013,0.5350019,0.9788896,0.08291013
117,0.004523039,0.08561748,0.5377596,0.9839027,0.08561748
117.6,0.004735633,0.08839508,0.5405174,1.029913,0.08839508
118.2,0.00461461,0.09120015,0.5432751,1.003518,0.09120015
118.8,0.004683241,0.09398949,0.5460329,1.018073,0.09398949
119.4,0.004744465,0.09681781,0.5487906,1.031524,0.09681781
120,0.004827731,0.09968948,0.5515483,1.0493,0.09968948
120.6,0.004967503,0.1026281,0.5543061,1.079711,0.1026281
121.2,0.004734112,0.1055385,0.5570638,1.029163,0.1055385
121.8,0.004845578,0.1084124,0.5598216,1.053254,0.1084124
122.4,0.004554657,0.1112325,0.5625793,0.9897002,0.1112325
123,0.004762934,0.1140278,0.565337,1.035326,0.1140278
123.6,0.005003615,0.1169578,0.5680948,1.087558,0.1169578
124.2,0.005162631,0.1200077,0.5708525,1.122562,0.1200077
124.8,0.005097179,0.1230856,0.5736103,1.108601,0.1230856
125.4,0.005171644,0.1261662,0.576368,1.124683,0.1261662
126,0.005041232,0.1292301,0.5791257,1.095831,0.1292301
126.6,0.004793746,0.1321806,0.5818835,1.042321,0.1321806
127.2,0.004643885,0.1350119,0.5846412,1.0101,0.1350119
127.8,0.004781001,0.1378393,0.587399,1.039725,0.1378393
128.4,0.004775879,0.1407064,0.5901567,1.039093,0.1407064
129,0.004894022,0.1436074,0.5929145,1.064665,0.1436074
129.6,0.005039871,0.1465876,0.5956722,1.096243,0.1465876
130.2,0.005140234,0.1496416,0.59843,1.11815,0.1496416
130.8,0.004987128,0.1526798,0.6011877,1.084754,0.1526798
131.4,0.005210493,0.1557391,0.6039454,1.133591,0.1557391
132,0.005098049,0.1588316,0.6067031,1.109142,0.1588316
132.6,0.005450257,0.1619961,0.6094609,1.18541,0.1619961
133.2,0.00555102,0.1652965,0.6122186,1.207564,0.1652965
133.8,0.005858715,0.1687195,0.6149764,1.274453,0.1687195
134.4,0.005751197,0.1722024,0.6177341,1.251155,0.1722024
135,0.005694843,0.1756362,0.6204919,1.239251,0.1756362
135.6,0.00558973,0.1790216,0.6232496,1.216506,0.1790216
136.2,0.0055312,0.1823579,0.6260074,1.20342,0.1823579
136.8,0.005398289,0.1856367,0.6287651,1.174497,0.1856367
137.4,0.005587708,0.1889325,0.6315228,1.215785,0.1889325
138,0.005587119,0.192285,0.6342806,1.215626,0.192285
138.6,0.005788692,0.1956977,0.6370383,1.259251,0.1956977
139.2,0.005709616,0.1991472,0.6397961,1.242164,0.1991472
139.8,0.005913302,0.2026341,0.6425538,1.286046,0.2026341
140.4,0.005706381,0.20612,0.6453116,1.241439,0.20612
141,0.005507786,0.2094842,0.6480693,1.198111,0.2094842
141.6,0.005293994,0.2127248,0.650827,1.151592,0.2127248
142.2,0.005199303,0.2158727,0.6535848,1.131074,0.2158727
142.8,0.00534709,0.2190367,0.6563425,1.163323,0.2190367
143.4,0.005419351,0.2222666,0.6591002,1.178777,0.2222666
144,0.005484232,0.2255377,0.661858,1.193369,0.2255377
144.6,0.005532276,0.2288426,0.6646157,1.204176,0.2288426
145.2,0.005714158,0.2322166,0.6673735,1.243784,0.2322166
145.8,0.005586689,0.2356068,0.6701312,1.216021,0.2356068
146.4,0.005413235,0.2389068,0.672889,1.177763,0.2389068
147,0.00532526,0.2421283,0.6756467,1.158808,0.2421283
147.6,0.005304846,0.2453174,0.6784045,1.154047,0.2453174
148.2,0.005461476,0.2485473,0.6811622,1.188047,0.2485473
148.8,0.005789078,0.2519224,0.6839199,1.259394,0.2519224
149.4,0.005743088,0.2553821,0.6866777,1.249388,0.2553821
150,0.005946102,0.2588888,0.6894354,1.293077,0.2588888
150.6,0.005836789,0.2624237,0.6921931,1.269611,0.2624237
151.2,0.005493923,0.2658229,0.6949509,1.195547,0.2658229
151.8,0.005660398,0.2691692,0.6977086,1.231712,0.2691692
152.4,0.005693992,0.2725755,0.7004664,1.23815,0.2725755
153,0.005873136,0.2760457,0.7032241,1.277418,0.2760457
153.6,0.005752352,0.2795333,0.7059819,1.250888,0.2795333
154.2,0.005624879,0.2829465,0.7087396,1.223119,0.2829465
154.8,0.005344509,0.2862373,0.7114973,1.162528,0.2862373
155.4,0.005330024,0.2894397,0.7142551,1.159878,0.2894397
156,0.005264571,0.292618,0.7170128,1.145318,0.292618
156.6,0.005396031,0.2958162,0.7197706,1.173621,0.2958162
157.2,0.005646154,0.2991289,0.7225283,1.228073,0.2991289
157.8,0.005464534,0.3024621,0.7252861,1.188721,0.3024621
158.4,0.005482272,0.3057461,0.7280438,1.19315,0.3057461
159,0.005552927,0.3090567,0.7308015,1.20864,0.3090567
159.6,0.005542336,0.3123853,0.7335593,1.206047,0.3123853
160.2,0.005601208,0.3157283,0.736317,1.218871,0.3157283
160.8,0.00560338,0.3190897,0.7390747,1.219438,0.3190897
161.4,0.005643682,0.3224638,0.7418325,1.228388,0.3224638
162,0.005521128,0.3258133,0.7445902,1.202004,0.3258133
162.6,0.005352266,0.3290753,0.747348,1.164621,0.3290753
163.2,0.005612397,0.3323647,0.7501057,1.221473,0.3323647
163.8,0.005729877,0.3357674,0.7528635,1.247513,0.3357674
164.4,0.005584763,0.3391618,0.7556212,1.215514,0.3391618
165,0.005628507,0.3425257,0.758379,1.225417,0.3425257
165.6,0.005810309,0.3459574,0.7611367,1.265092,0.3459574
166.2,0.00571987,0.3494164,0.7638944,1.245575,0.3494164
166.8,0.005687878,0.3528387,0.7666522,1.238198,0.3528387
167.4,0.005727313,0.3562633,0.7694099,1.246614,0.3562633
168,0.005483208,0.3596265,0.7721676,1.193361,0.3596265
168.6,0.005326239,0.3628693,0.7749254,1.159425,0.3628693
169.2,0.005377087,0.3660803,0.7776831,1.170211,0.3660803
169.8,0.005375716,0.3693061,0.7804409,1.169731,0.3693061
170.4,0.005598869,0.3725985,0.7831986,1.217887,0.3725985
171,0.005661736,0.3759767,0.7859564,1.231659,0.3759767
171.6,0.005635699,0.3793659,0.7887141,1.22594,0.3793659
172.2,0.005385924,0.3826724,0.7914718,1.171552,0.3826724
172.8,0.005512103,0.3859418,0.7942296,1.198449,0.3859418
173.4,0.005358166,0.3892029,0.7969873,1.165297,0.3892029
174,0.005128686,0.392349,0.7997451,1.115449,0.392349
174.6,0.005058055,0.395405,0.8025028,1.100195,0.395405
175.2,0.004943585,0.3984055,0.8052606,1.075356,0.3984055
175.8,0.005098903,0.4014182,0.8080183,1.109133,0.4014182
176.4,0.005080841,0.4044721,0.8107761,1.105339,0.4044721
177,0.005028574,0.407505,0.8135338,1.093836,0.407505
177.6,0.005084547,0.4105389,0.8162915,1.106268,0.4105389
178.2,0.005063115,0.4135832,0.8190492,1.101949,0.4135832
178.8,0.00505142,0.4166176,0.821807,1.099518,0.4166176
179.4,0.005122576,0.4196698,0.8245647,1.115212,0.4196698
180,0.005394912,0.422825,0.8273225,1.174611,0.422825
180.6,0.005643423,0.4261365,0.8300802,1.228978,0.4261365
181.2,0.005518236,0.429485,0.832838,1.201689,0.429485
181.8,0.005546666,0.4328045,0.8355957,1.207279,0.4328045
182.4,0.005670028,0.4361695,0.8383535,1.234437,0.4361695
183,0.005237221,0.4394417,0.8411112,1.139591,0.4394417
183.6,0.005314757,0.4426072,0.8438689,1.15631,0.4426072
184.2,0.005258503,0.4457792,0.8466267,1.143883,0.4457792
184.8,0.004920225,0.4488328,0.8493844,1.070416,0.4488328
185.4,0.004913108,0.4517828,0.8521422,1.069075,0.4517828
186,0.004931311,0.4547362,0.8548999,1.073428,0.4547362
186.6,0.004991733,0.4577131,0.8576576,1.086517,0.4577131
187.2,0.005049786,0.4607255,0.8604154,1.09917,0.4607255
187.8,0.00516804,0.4637909,0.8631731,1.124868,0.4637909
188.4,0.005130529,0.4668804,0.8659309,1.116804,0.4668804
189,0.005027728,0.469928,0.8686886,1.094319,0.469928
189.6,0.004878837,0.4728999,0.8714463,1.062014,0.4728999
190.2,0.004925087,0.4758411,0.8742041,1.071899,0.4758411
190.8,0.005078588,0.4788422,0.8769618,1.105009,0.4788422
191.4,0.005023595,0.4818728,0.8797196,1.092968,0.4818728
192,0.005071098,0.4849012,0.8824773,1.103376,0.4849012
192.6,0.004880203,0.4878866,0.8852351,1.062054,0.4878866
193.2,0.004927797,0.490829,0.8879928,1.072618,0.490829
193.8,0.005125862,0.4938451,0.8907506,1.115774,0.4938451
194.4,0.005086259,0.4969087,0.8935083,1.106733,0.4969087
195,0.004916415,0.4999096,0.896266,1.069265,0.4999096
195.6,0.004659885,0.5027825,0.8990237,1.013299,0.5027825
196.2,0.004496106,0.5055293,0.9017815,0.9782511,0.5055293
196.8,0.004553941,0.5082443,0.9045392,0.9908275,0.5082443
197.4,0.004394181,0.5109287,0.907297,0.956258,0.5109287
198,0.004626074,0.5136348,0.9100547,1.006663,0.5136348
198.6,0.004802766,0.5164634,0.9128125,1.044881,0.5164634
199.2,0.004952203,0.5193899,0.9155702,1.076921,0.5193899
199.8,0.004920119,0.5223516,0.918328,1.070152,0.5223516
200.4,0.004856796,0.5252847,0.9210857,1.056156,0.5252847
201,0.004765945,0.5281715,0.9238434,1.036556,0.5281715
201.6,0.00475114,0.5310266,0.9266012,1.033354,0.5310266
202.2,0.004557947,0.5338194,0.9293589,0.991716,0.5338194
202.8,0.004559301,0.5365545,0.9321167,0.9918948,0.5365545
203.4,0.004644655,0.5393157,0.9348744,1.010819,0.5393157
204,0.00469269,0.5421169,0.9376321,1.021699,0.5421169
204.6,0.004631813,0.5449143,0.9403899,1.008084,0.5449143
205.2,0.004402488,0.5476246,0.9431476,0.9579613,0.5476246
205.8,0.004439881,0.5502773,0.9459054,0.9659672,0.5502773
206.4,0.004272879,0.5528911,0.9486631,0.9297605,0.5528911
207,0.004254716,0.5554494,0.9514208,0.9265829,0.5554494
207.6,0.004442891,0.5580587,0.9541786,0.9672667,0.5580587
208.2,0.004443967,0.5607247,0.9569363,0.9677193,0.5607247
208.8,0.004562276,0.5634266,0.9596941,0.993846,0.5634266
209.4,0.004623271,0.5661823,0.9624518,1.006445,0.5661823
210,0.004270653,0.5688504,0.9652096,0.9296758,0.5688504
210.6,0.00439299,0.5714495,0.9679673,0.9562565,0.5714495
211.2,0.004279873,0.5740514,0.9707251,0.931342,0.5740514
211.8,0.004507326,0.5766875,0.9734828,0.9808693,0.5766875
212.4,0.004409395,0.5793626,0.9762405,0.9594318,0.5793626
213,0.004466413,0.5820253,0.9789982,0.9718414,0.5820253
213.6,0.004306021,0.584657,0.981756,0.9370675,0.584657
214.2,0.004295116,0.5872374,0.9845137,0.9346174,0.5872374
214.8,0.004040315,0.589738,0.9872715,0.8792067,0.589738
215.4,0.004047782,0.5921644,0.9900292,0.8808775,0.5921644
216,0.003886247,0.5945447,0.9927872,0.845648,0.5945447
216.6,0.003978727,0.5969041,0.9955447,0.8656456,0.5969041
217.2,0.004080297,0.5993218,0.9983023,0.8877711,0.5993218
217.8,0.004103511,0.601777,1.00106,0.8925364,0.601777
218.4,0.004074257,0.6042303,1.003818,0.8859886,0.6042303
219,0.003949897,0.6066376,1.006576,0.8586584,0.6066376
219.6,0.004010667,0.6090257,1.009333,0.8720661,0.6090257
220.2,0.003969354,0.6114197,1.012091,0.8632246,0.6114197
220.8,0.003885658,0.6137762,1.014849,0.8453784,0.6137762
221.4,0.004078459,0.6161655,1.017607,0.8876727,0.6161655
222,0.004114877,0.6186235,1.020365,0.8959976,0.6186235
222.6,0.004073572,0.62108,1.023122,0.8868778,0.62108
223.2,0.003935077,0.6234826,1.02588,0.8562812,0.6234826
223.8,0.003816786,0.6258082,1.028638,0.830743,0.6258082
224.4,0.003752334,0.6280789,1.031396,0.8162949,0.6280789
225,0.003665885,0.6303044,1.034154,0.7976693,0.6303044
225.6,0.003534593,0.6324645,1.036911,0.768958,0.6324645
226.2,0.003597432,0.6346041,1.039669,0.7824894,0.6346041
226.8,0.003647018,0.6367775,1.042427,0.7935128,0.6367775
227.4,0.003685039,0.6389771,1.045184,0.8018574,0.6389771
228,0.003765993,0.6412124,1.047942,0.8196123,0.6412124
228.6,0.003651567,0.6434376,1.0507,0.7946034,0.6434376
229.2,0.003763362,0.6456621,1.053457,0.8189302,0.6456621
229.8,0.003642244,0.6478838,1.056215,0.7928956,0.6478838
230.4,0.003738481,0.650098,1.058973,0.8137107,0.650098
231,0.003737824,0.6523409,1.061731,0.8137547,0.6523409
231.6,0.003785756,0.654598,1.064489,0.8241841,0.654598
232.2,0.003797268,0.6568729,1.067246,0.8263572,0.6568729
232.8,0.003681088,0.6591164,1.070004,0.8009969,0.6591164
233.4,0.003670155,0.6613218,1.072762,0.7986734,0.6613218
234,0.003524686,0.6634802,1.075519,0.7668448,0.6634802
234.6,0.003644903,0.6656311,1.078277,0.7933989,0.6656311
235.2,0.003363537,0.6677336,1.081035,0.7320236,0.6677336
235.8,0.003387048,0.6697588,1.083793,0.7373584,0.6697588
236.4,0.003356755,0.671782,1.08655,0.7308394,0.671782
237,0.003409795,0.6738119,1.089308,0.7422264,0.6738119
237.6,0.003449295,0.6758697,1.092066,0.751149,0.6758697
238.2,0.003386614,0.6779204,1.094824,0.737019,0.6779204
238.8,0.003425059,0.6799639,1.097582,0.7455151,0.6799639
239.4,0.00338204,0.6820061,1.100339,0.7361132,0.6820061
240,0.003401756,0.6840412,1.103097,0.7405283,0.6840412
240.6,0.003371732,0.6860732,1.105855,0.734008,0.6860732
241.2,0.003209767,0.6880477,1.108612,0.6986367,0.6880477
241.8,0.003344926,0.6900141,1.11137,0.7281912,0.6900141
242.4,0.003233607,0.6919876,1.114128,0.7039609,0.6919876
243,0.003203873,0.6939189,1.116885,0.6972244,0.6939189
243.6,0.003184137,0.6958353,1.119643,0.6932928,0.6958353
244.2,0.003367332,0.6978008,1.122401,0.7328774,0.6978008
244.8,0.003468985,0.6998516,1.125159,0.7550654,0.6998516
245.4,0.003313967,0.7018865,1.127917,0.7215109,0.7018865
246,0.003298581,0.7038703,1.130674,0.717843,0.7038703
246.6,0.003311435,0.7058533,1.133432,0.7209082,0.7058533
247.2,0.003243965,0.7078199,1.13619,0.7060991,0.7078199
247.8,0.003228228,0.7097616,1.138947,0.7025842,0.7097616
248.4,0.003231043,0.7116993,1.141705,0.7033308,0.7116993
249,0.003265183,0.7136482,1.144463,0.7107225,0.7136482
249.6,0.003214319,0.7155921,1.147221,0.699658,0.7155921
250.2,0.003186574,0.7175124,1.149978,0.6935522,0.7175124
250.8,0.003145232,0.7194119,1.152736,0.6847126,0.7194119
251.4,0.00308004,0.7212795,1.155494,0.6706769,0.7212795
252,0.00311445,0.7231378,1.158252,0.6781167,0.7231378
252.6,0.003192778,0.72503,1.16101,0.6950651,0.72503
253.2,0.003047019,0.7269019,1.163767,0.6633138,0.7269019
253.8,0.00293728,0.7286972,1.166525,0.6389692,0.7286972
254.4,0.002832202,0.730428,1.169283,0.6161247,0.730428
255,0.002898231,0.7321472,1.17204,0.6304662,0.7321472
255.6,0.002755256,0.7338432,1.174798,0.5993936,0.7338432
256.2,0.002782636,0.7355046,1.177556,0.6055943,0.7355046
256.8,0.002785378,0.737175,1.180313,0.6063718,0.737175
257.4,0.00276957,0.7388415,1.183071,0.6029387,0.7388415
258,0.002658593,0.7404699,1.185829,0.5788666,0.7404699
258.6,0.0027414,0.7420899,1.188587,0.5969122,0.7420899
259.2,0.002637169,0.7437035,1.191345,0.5743646,0.7437035
259.8,0.00277968,0.7453285,1.194102,0.6054163,0.7453285
260.4,0.002613387,0.7469465,1.19686,0.5692051,0.7469465
261,0.002652753,0.7485263,1.199618,0.577436,0.7485263
261.6,0.002556628,0.7500891,1.202376,0.5565909,0.7500891
262.2,0.00269242,0.7516639,1.205133,0.5859433,0.7516639
262.8,0.002797118,0.7533107,1.207891,0.6087401,0.7533107
263.4,0.002758436,0.7549774,1.210649,0.6003714,0.7549774
264,0.002708838,0.7566175,1.213406,0.5891924,0.7566175
264.6,0.002753997,0.7582564,1.216164,0.5994494,0.7582564
265.2,0.00269236,0.7598903,1.218922,0.5858029,0.7598903
265.8,0.00272362,0.7615151,1.22168,0.5930116,0.7615151
266.4,0.002693262,0.7631401,1.224438,0.5863728,0.7631401
267,0.002703806,0.7647593,1.227195,0.5888007,0.7647593
267.6,0.002617391,0.7663557,1.229953,0.5700011,0.7663557
268.2,0.002685087,0.7679464,1.232711,0.5848969,0.7679464
268.8,0.002608534,0.7695345,1.235468,0.5679612,0.7695345
269.4,0.002592966,0.7710949,1.238226,0.564562,0.7710949
270,0.002628641,0.7726614,1.240984,0.5723329,0.7726614
270.6,0.002507758,0.7742023,1.243741,0.5456772,0.7742023
271.2,0.002464902,0.7756941,1.2465,0.5363257,0.7756941
271.8,0.002451692,0.7771691,1.249257,0.5333682,0.7771691
272.4,0.002291926,0.7785922,1.252015,0.498424,0.7785922
273,0.002278842,0.7799634,1.254773,0.4956401,0.7799634
273.6,0.002253621,0.7813231,1.25753,0.4903434,0.7813231
274.2,0.002210644,0.7826624,1.260288,0.4811514,0.7826624
274.8,0.002312947,0.7840195,1.263046,0.50346,0.7840195
275.4,0.002284195,0.7853986,1.265804,0.4972224,0.7853986
276,0.00232223,0.7867806,1.268561,0.5055434,0.7867806
276.6,0.00243635,0.7882081,1.271319,0.5303052,0.7882081
277.2,0.002336733,0.7896401,1.274077,0.5087112,0.7896401
277.8,0.002536521,0.791102,1.276835,0.5521321,0.791102
278.4,0.002427223,0.7925912,1.279593,0.5282325,0.7925912
279,0.002320713,0.7940155,1.28235,0.5049283,0.7940155
279.6,0.00241817,0.7954372,1.285108,0.5259631,0.7954372
280.2,0.002411621,0.7968862,1.287866,0.5245411,0.7968862
280.8,0.002402536,0.7983304,1.290623,0.5226314,0.7983304
281.4,0.00243946,0.799783,1.293381,0.5306536,0.799783
282,0.002451704,0.8012503,1.296139,0.5335055,0.8012503
282.6,0.002343463,0.8026889,1.298896,0.5100377,0.8026889
283.2,0.002345315,0.8040956,1.301654,0.51048,0.8040956
283.8,0.00222172,0.8054656,1.304412,0.4835514,0.8054656
284.4,0.002198134,0.8067916,1.30717,0.4784187,0.8067916
285,0.002168441,0.8081016,1.309928,0.4718613,0.8081016
285.6,0.002122152,0.8093888,1.312685,0.4619757,0.8093888
286.2,0.002175069,0.8106779,1.315443,0.473635,0.8106779
286.8,0.00220121,0.8119908,1.318201,0.4792603,0.8119908
287.4,0.002228885,0.8133199,1.320958,0.4851748,0.8133199
288,0.002121245,0.8146249,1.323716,0.4617415,0.8146249
288.6,0.002089923,0.8158882,1.326474,0.4546764,0.8158882
289.2,0.002034504,0.8171255,1.329232,0.4426567,0.8171255
289.8,0.0020204,0.818342,1.331989,0.4394507,0.818342
290.4,0.00197052,0.8195393,1.334747,0.4287664,0.8195393
291,0.001925618,0.8207081,1.337505,0.4191978,0.8207081
291.6,0.001949788,0.8218708,1.340263,0.4242315,0.8218708
292.2,0.001908678,0.8230283,1.343021,0.4155317,0.8230283
292.8,0.001961698,0.8241894,1.345778,0.4267765,0.8241894
293.4,0.001837034,0.825329,1.348536,0.3997236,0.825329
294,0.001921292,0.8264565,1.351294,0.4181443,0.8264565
294.6,0.001898538,0.8276025,1.354051,0.4132794,0.8276025
295.2,0.001968589,0.8287626,1.356809,0.4286633,0.8287626
295.8,0.001992139,0.8299508,1.359567,0.4338997,0.8299508
296.4,0.001997862,0.8311479,1.362324,0.4349998,0.8311479
297,0.00188506,0.8323127,1.365082,0.4104407,0.8323127
297.6,0.001940558,0.8334604,1.36784,0.4223547,0.8334604
298.2,0.001899626,0.8346125,1.370598,0.4134119,0.8346125
298.8,0.002011301,0.8357857,1.373356,0.4377465,0.8357857
299.4,0.001966952,0.8369792,1.376113,0.4280333,0.8369792
300,0.00193634,0.8381502,1.378871,0.4215095,0.8381502
300.6,0.001798419,0.8392706,1.381629,0.3911876,0.8392706
301.2,0.001829804,0.8403591,1.384386,0.3981762,0.8403591
301.8,0.001775768,0.8414407,1.387144,0.3865226,0.8414407
302.4,0.001756428,0.8425004,1.389902,0.3823452,0.8425004
303,0.001744242,0.8435506,1.39266,0.3798182,0.8435506
303.6,0.001773587,0.8446059,1.395417,0.3860816,0.8446059
304.2,0.001740009,0.84566,1.398175,0.378764,0.84566
304.8,0.00172943,0.8467009,1.400933,0.3762779,0.8467009
305.4,0.001777305,0.8477529,1.403691,0.3866661,0.8477529
306,0.001823371,0.8488331,1.406449,0.3967104,0.8488331
306.6,0.001828096,0.8499286,1.409206,0.3977868,0.8499286
307.2,0.001785117,0.8510125,1.411964,0.3885534,0.8510125
307.8,0.001778554,0.8520816,1.414722,0.3870786,0.8520816
308.4,0.001764162,0.8531444,1.417479,0.3841147,0.8531444
309,0.001676505,0.8541766,1.420237,0.3648928,0.8541766
309.6,0.001667079,0.8551797,1.422995,0.3628993,0.8551797
310.2,0.001557636,0.8561471,1.425752,0.3390232,0.8561471
310.8,0.001595666,0.8570931,1.42851,0.3471754,0.8570931
311.4,0.001549022,0.8580365,1.431268,0.3371217,0.8580365
312,0.00154872,0.8589658,1.434026,0.3369153,0.8589658
312.6,0.001554006,0.8598967,1.436784,0.3380781,0.8598967
313.2,0.001515609,0.8608175,1.439541,0.329768,0.8608175
313.8,0.001484642,0.8617176,1.442299,0.3231044,0.8617176
314.4,0.001493118,0.8626109,1.445057,0.3250826,0.8626109
315,0.001515457,0.8635135,1.447815,0.3299047,0.8635135
315.6,0.001501489,0.8644186,1.450572,0.3269711,0.8644186
316.2,0.001483662,0.8653142,1.45333,0.3231031,0.8653142
316.8,0.001425462,0.8661869,1.456088,0.3103291,0.8661869
317.4,0.001480068,0.8670585,1.458845,0.3222428,0.8670585
318,0.001420203,0.8679286,1.461603,0.3090888,0.8679286
318.6,0.001429238,0.8687834,1.464361,0.3111138,0.8687834
319.2,0.001429903,0.8696412,1.467119,0.3111839,0.8696412
319.8,0.001445947,0.8705039,1.469877,0.3146124,0.8705039
320.4,0.001446238,0.8713716,1.472634,0.3147445,0.8713716
321,0.001467846,0.8722458,1.475392,0.3193686,0.8722458
321.6,0.001425212,0.8731137,1.47815,0.3101093,0.8731137
322.2,0.001406501,0.8739633,1.480907,0.3059782,0.8739633
322.8,0.001441715,0.8748177,1.483665,0.3136159,0.8748177
323.4,0.001401295,0.8756706,1.486423,0.3049518,0.8756706
324,0.001424045,0.8765182,1.48918,0.3099129,0.8765182
324.6,0.001372522,0.8773572,1.491939,0.2986397,0.8773572
325.2,0.001375511,0.8781816,1.494696,0.299408,0.8781816
325.8,0.001367208,0.8790044,1.497454,0.2975573,0.8790044
326.4,0.001386829,0.8798306,1.500212,0.3018479,0.8798306
327,0.001459796,0.8806846,1.502969,0.3176578,0.8806846
327.6,0.001445394,0.8815562,1.505727,0.3146411,0.8815562
328.2,0.001385289,0.8824054,1.508485,0.3014664,0.8824054
328.8,0.001332197,0.8832206,1.511243,0.2900224,0.8832206
329.4,0.001309071,0.884013,1.514,0.2851106,0.884013
330,0.001319395,0.8848016,1.516758,0.2873194,0.8848016
330.6,0.001316917,0.8855925,1.519516,0.2867938,0.8855925
331.2,0.00129453,0.8863759,1.522273,0.2817621,0.8863759
331.8,0.001322328,0.8871609,1.525032,0.2878377,0.8871609
332.4,0.001277429,0.8879409,1.527789,0.2779717,0.8879409
333,0.001235995,0.8886949,1.530547,0.2691234,0.8886949
333.6,0.001271973,0.8894473,1.533305,0.2768301,0.8894473
334.2,0.001233171,0.8901988,1.536062,0.2683807,0.8901988
334.8,0.001252071,0.8909444,1.53882,0.2724578,0.8909444
335.4,0.001258587,0.8916976,1.541578,0.2738263,0.8916976
336,0.001278719,0.8924588,1.544335,0.2782037,0.8924588
336.6,0.001298969,0.8932321,1.547093,0.2827304,0.8932321
337.2,0.001277722,0.8940051,1.549851,0.278001,0.8940051
337.8,0.001351708,0.8947939,1.552608,0.294239,0.8947939
338.4,0.001284718,0.8955849,1.555367,0.2795609,0.8955849
339,0.001271633,0.8963518,1.558124,0.2767328,0.8963518
339.6,0.001254867,0.8971097,1.560882,0.273099,0.8971097
340.2,0.001206843,0.8978482,1.56364,0.2626441,0.8978482
340.8,0.001184652,0.8985657,1.566397,0.2579499,0.8985657
341.4,0.001201123,0.8992814,1.569155,0.261529,0.8992814
342,0.001181411,0.8999961,1.571913,0.2572196,0.8999961
342.6,0.001177747,0.9007039,1.574671,0.2564048,0.9007039
343.2,0.001112349,0.901391,1.577428,0.2421156,0.901391
343.8,0.001141893,0.9020672,1.580186,0.2486262,0.9020672
344.4,0.001120251,0.9027458,1.582944,0.243899,0.9027458
345,0.001094261,0.9034102,1.585702,0.2383095,0.9034102
345.6,0.001079091,0.9040622,1.58846,0.2349234,0.9040622
346.2,0.001051387,0.9047013,1.591217,0.2288464,0.9047013
346.8,0.001073184,0.9053387,1.593975,0.2335233,0.9053387
347.4,0.001049671,0.9059756,1.596733,0.2283986,0.9059756
348,0.00106829,0.906611,1.59949,0.232374,0.906611
348.6,0.001020098,0.9072375,1.602248,0.2219274,0.9072375
349.2,0.001029604,0.9078524,1.605006,0.2239043,0.9078524
349.8,0.001032848,0.9084711,1.607763,0.2245633,0.9084711
350.4,0.0009853229,0.9090766,1.610521,0.2143376,0.9090766
351,0.0009801009,0.9096662,1.613279,0.2131592,0.9096662
351.6,0.001037908,0.9102716,1.616037,0.2257501,0.9102716
352.2,0.001063778,0.9109021,1.618795,0.231554,0.9109021
352.8,0.001054183,0.9115375,1.621552,0.229499,0.9115375
353.4,0.001034091,0.912164,1.62431,0.2251385,0.912164
354,0.0009992417,0.912774,1.627068,0.2175689,0.912774
354.6,0.00100299,0.9133747,1.629825,0.2183809,0.9133747
355.2,0.001032026,0.9139852,1.632583,0.2246456,0.9139852
355.8,0.001052472,0.9146105,1.635341,0.2291414,0.9146105
356.4,0.001029503,0.9152351,1.638099,0.2240879,0.9152351
357,0.001001888,0.9158445,1.640856,0.2180407,0.9158445
357.6,0.0009913264,0.9164425,1.643614,0.2156689,0.9164425
358.2,0.0009699898,0.9170309,1.646372,0.210899,0.9170309
358.8,0.0009369866,0.917603,1.64913,0.203907,0.917603
359.4,0.000947945,0.9181684,1.651888,0.20621,0.9181684
360,0.000937966,0.9187342,1.654645,0.2040244,0.9187342
360.6,0.0009292751,0.9192944,1.657403,0.2021246,0.9192944
361.2,0.0009304115,0.9198523,1.660161,0.2022552,0.9198523
361.8,0.0009109928,0.9204047,1.662918,0.198085,0.9204047
362.4,0.0008841919,0.9209433,1.665676,0.1923303,0.9209433
363,0.0008585539,0.9214661,1.668434,0.186801,0.9214661
363.6,0.0008794434,0.9219875,1.671191,0.1914277,0.9219875
364.2,0.0008785583,0.9225149,1.673949,0.1912431,0.9225149
364.8,0.0008538392,0.9230346,1.676707,0.185854,0.9230346
365.4,0.0008928862,0.9235586,1.679465,0.1944036,0.9235586
366,0.0009147565,0.9241009,1.682223,0.1991522,0.9241009
366.6,0.0008642101,0.9246346,1.68498,0.1881034,0.9246346
367.2,0.00084389,0.925147,1.687738,0.1836732,0.925147
367.8,0.0008390547,0.9256519,1.690496,0.1826703,0.9256519
368.4,0.0007771348,0.9261368,1.693254,0.1691858,0.9261368
369,0.0008007124,0.9266101,1.696011,0.1743633,0.9266101
369.6,0.0008025459,0.9270911,1.698769,0.1747042,0.9270911
370.2,0.0008514267,0.9275873,1.701527,0.1854146,0.9275873
370.8,0.0008680234,0.9281032,1.704284,0.1889944,0.9281032
371.4,0.0008545859,0.9286199,1.707042,0.1860356,0.9286199
372,0.0008628215,0.9291351,1.7098,0.1878308,0.9291351
372.6,0.0008167661,0.929639,1.712558,0.1777986,0.929639
373.2,0.0007943574,0.9301224,1.715316,0.1729455,0.9301224
373.8,0.0007733299,0.9305927,1.718073,0.1683399,0.9305927
374.4,0.0007725238,0.9310565,1.720831,0.168171,0.9310565
375,0.0008198506,0.9315341,1.723589,0.1784364,0.9315341
375.6,0.0008278234,0.9320285,1.726346,0.1801361,0.9320285
376.2,0.0008499026,0.9325318,1.729104,0.18501,0.9325318
376.8,0.0008261594,0.9330346,1.731862,0.1798023,0.9330346
377.4,0.0008132142,0.9335264,1.734619,0.1770509,0.9335264
378,0.0007696881,0.9340012,1.737377,0.1675706,0.9340012
378.6,0.0008098181,0.9344751,1.740135,0.1763811,0.9344751
379.2,0.0007798976,0.934952,1.742893,0.16986,0.934952
379.8,0.0007598251,0.9354139,1.745651,0.1655653,0.9354139
380.4,0.0007560976,0.9358687,1.748408,0.1647043,0.9358687
381,0.000729078,0.9363143,1.751166,0.1588101,0.9363143
381.6,0.0006926536,0.9367408,1.753924,0.1508413,0.9367408
382.2,0.0006861841,0.9371544,1.756682,0.149388,0.9371544
382.8,0.0006844949,0.9375656,1.759439,0.1489921,0.9375656
383.4,0.0007037351,0.9379821,1.762197,0.1531611,0.9379821
384,0.0006957156,0.938402,1.764955,0.1513257,0.938402
384.6,0.0007397549,0.9388326,1.767712,0.1609269,0.9388326
385.2,0.0007005789,0.9392647,1.770471,0.1523496,0.9392647
385.8,0.0007016516,0.9396854,1.773228,0.1526171,0.9396854
386.4,0.0007084573,0.9401084,1.775986,0.1540735,0.9401084
387,0.0007138562,0.9405351,1.778744,0.155355,0.9405351
387.6,0.0007487123,0.9409739,1.781501,0.1629275,0.9409739
388.2,0.0007214376,0.9414149,1.784259,0.1569869,0.9414149
388.8,0.0007050999,0.9418429,1.787017,0.15344,0.9418429
389.4,0.0006652322,0.942254,1.789774,0.1447741,0.942254
390,0.000635619,0.9426442,1.792532,0.1383195,0.9426442
390.6,0.0006134997,0.943019,1.79529,0.1334999,0.943019
391.2,0.0005789012,0.9433767,1.798047,0.1259965,0.9433767
391.8,0.0005939406,0.9437285,1.800806,0.1292979,0.9437285
392.4,0.0005702098,0.9440778,1.803563,0.1241008,0.9440778
393,0.0005971094,0.944428,1.806321,0.1299182,0.944428
393.6,0.0005928614,0.944785,1.809079,0.1290495,0.944785
394.2,0.0006075682,0.9451451,1.811836,0.1322671,0.9451451
394.8,0.0006200126,0.9455134,1.814594,0.1349773,0.9455134
395.4,0.0005936416,0.9458775,1.817352,0.129267,0.9458775
396,0.0006328611,0.9462454,1.82011,0.1377282,0.9462454
396.6,0.0006456669,0.946629,1.822867,0.1405014,0.946629
397.2,0.0006317048,0.9470122,1.825625,0.1374291,0.9470122
397.8,0.0006198367,0.9473876,1.828383,0.134866,0.9473876
398.4,0.0006047354,0.947755,1.831141,0.1316163,0.947755
399,0.0005868439,0.9481125,1.833899,0.127727,0.9481125
399.6,0.0005858101,0.9484643,1.836656,0.127477,0.9484643
400.2,0.0005685837,0.9488106,1.839414,0.1237571,0.9488106
400.8,0.0005849746,0.9491567,1.842172,0.1272992,0.9491567
401.4,0.0005788717,0.9495058,1.844929,0.1260327,0.9495058
402,0.0005488339,0.9498442,1.847687,0.1194723,0.9498442
402.6,0.0005501685,0.9501738,1.850445,0.1198791,0.9501738
403.2,0.0005424092,0.9505016,1.853202,0.1181448,0.9505016
403.8,0.0005436711,0.9508274,1.85596,0.1184216,0.9508274
404.4,0.0005457916,0.9511543,1.858718,0.1188592,0.9511543
405,0.0005490092,0.9514827,1.861476,0.1195447,0.9514827
405.6,0.0005200445,0.9518034,1.864234,0.1132143,0.9518034
406.2,0.0005257443,0.9521172,1.866991,0.114477,0.9521172
406.8,0.0005362386,0.9524358,1.869749,0.1167055,0.9524358
407.4,0.0005388188,0.9527583,1.872507,0.1172186,0.9527583
408,0.0005609871,0.9530882,1.875264,0.1221034,0.9530882
408.6,0.0005365825,0.9534175,1.878022,0.1168267,0.9534175
409.2,0.00053622,0.9537394,1.88078,0.1167644,0.9537394
409.8,0.0005444545,0.9540636,1.883538,0.1185866,0.9540636
410.4,0.0005589483,0.9543945,1.886295,0.1217041,0.9543945
411,0.0005411337,0.9547246,1.889053,0.1178058,0.9547246
411.6,0.0005663862,0.9550569,1.891811,0.1232876,0.9550569
412.2,0.0005266447,0.9553847,1.894569,0.1146739,0.9553847
412.8,0.0005471132,0.9557069,1.897327,0.1191026,0.9557069
413.4,0.0005168778,0.9560261,1.900084,0.1125423,0.9560261
414,0.0005024617,0.9563319,1.902842,0.1094076,0.9563319
414.6,0.0004865689,0.9566286,1.9056,0.1059552,0.9566286
415.2,0.0004675696,0.9569148,1.908357,0.1017932,0.9569148
415.8,0.0004635175,0.9571942,1.911115,0.1008695,0.9571942
416.4,0.0004643894,0.9574725,1.913873,0.1010757,0.9574725
417,0.0004883076,0.9577583,1.91663,0.1062533,0.9577583
417.6,0.0004812498,0.9580492,1.919388,0.1047523,0.9580492
418.2,0.0004904528,0.9583407,1.922146,0.1067738,0.9583407
418.8,0.0004643017,0.9586271,1.924904,0.1011237,0.9586271
419.4,0.000450913,0.9589017,1.927662,0.09819659,0.9589017
420,0.0004729304,0.9591789,1.930419,0.1029632,0.9591789
420.6,0.0004656244,0.9594604,1.933177,0.1013402,0.9594604
421.2,0.0004780933,0.9597435,1.935935,0.1040568,0.9597435
421.8,0.0004705594,0.9600281,1.938693,0.1024238,0.9600281
422.4,0.0004572644,0.9603065,1.94145,0.09955702,0.9603065
423,0.00042647,0.9605716,1.944208,0.09284593,0.9605716
423.6,0.0004254661,0.9608272,1.946966,0.09260802,0.9608272
424.2,0.0004183271,0.9610803,1.949723,0.09105736,0.9610803
424.8,0.0003997881,0.9613257,1.952481,0.0869929,0.9613257
425.4,0.0004066841,0.9615677,1.955239,0.08849297,0.9615677
426,0.000404179,0.9618109,1.957997,0.08789725,0.9618109
426.6,0.0004264087,0.9620601,1.960755,0.0927513,0.9620601
427.2,0.0004325842,0.9623178,1.963512,0.09414999,0.9623178
427.8,0.0004455742,0.9625813,1.96627,0.09695611,0.9625813
428.4,0.0004380698,0.9628464,1.969028,0.09535811,0.9628464
429,0.0004299429,0.9631068,1.971785,0.09357588,0.9631068
429.6,0.0004114798,0.9633592,1.974543,0.08953668,0.9633592
430.2,0.0004005099,0.9636028,1.977301,0.08716261,0.9636028
430.8,0.0003838902,0.9638381,1.980058,0.0835475,0.9638381
431.4,0.0003793516,0.9640671,1.982816,0.08259574,0.9640671
432,0.0003673228,0.9642911,1.985574,0.07992631,0.9642911
432.6,0.0003642492,0.9645106,1.988332,0.07930184,0.9645106
433.2,0.0003710251,0.9647312,1.99109,0.08075136,0.9647312
433.8,0.0003793567,0.9649563,1.993847,0.08254375,0.9649563
434.4,0.0003849782,0.9651856,1.996605,0.08375846,0.9651856
435,0.0003960894,0.9654199,1.999363,0.08618974,0.9654199
435.6,0.0004050988,0.9656602,2.002121,0.08816008,0.9656602
436.2,0.0003811923,0.9658961,2.004878,0.0829375,0.9658961
436.8,0.0003906469,0.9661277,2.007636,0.08499089,0.9661277
437.4,0.000369416,0.9663557,2.010394,0.08038916,0.9663557
438,0.0003774927,0.9665797,2.013151,0.08213306,0.9665797
438.6,0.0003633298,0.966802,2.01591,0.07906113,0.966802
439.2,0.0003694611,0.9670219,2.018667,0.08042514,0.9670219
439.8,0.0003737634,0.9672448,2.021425,0.08134062,0.9672448
440.4,0.0003631442,0.9674659,2.024183,0.07903094,0.9674659
441,0.0003568325,0.9676819,2.02694,0.07764648,0.9676819
441.6,0.000333108,0.9678889,2.029698,0.07248451,0.9678889
442.2,0.0003328971,0.9680887,2.032456,0.07245395,0.9680887
442.8,0.0003340038,0.9682888,2.035213,0.07271065,0.9682888
443.4,0.0003273528,0.9684871,2.037971,0.07125435,0.9684871
444,0.0003226565,0.9686822,2.040729,0.07023167,0.9686822
444.6,0.0003314815,0.9688784,2.043486,0.07216168,0.9688784
445.2,0.0003381063,0.9690793,2.046245,0.07358279,0.9690793
445.8,0.0003412986,0.9692831,2.049002,0.07425118,0.9692831
446.4,0.0003512088,0.9694908,2.05176,0.07643325,0.9694908
447,0.0003372618,0.9696974,2.054518,0.07337544,0.9696974
447.6,0.0003368224,0.9698996,2.057275,0.07326987,0.9698996
448.2,0.0003315131,0.9701001,2.060033,0.07209992,0.9701001
448.8,0.0003421089,0.9703022,2.062791,0.07442856,0.9703022
449.4,0.0003297612,0.9705037,2.065549,0.07174499,0.9705037
450,0.0003237055,0.9706998,2.068306,0.07044383,0.9706998
450.6,0.0003263506,0.9708948,2.071064,0.07103781,0.9708948
451.2,0.0003178659,0.9710881,2.073822,0.06920708,0.9710881
451.8,0.0003159509,0.9712782,2.07658,0.0688185,0.9712782
452.4,0.0003054155,0.9714646,2.079338,0.06651209,0.9714646
453,0.000302844,0.9716471,2.082095,0.06592606,0.9716471
453.6,0.0002813748,0.9718224,2.084853,0.06123317,0.9718224
454.2,0.0002987534,0.9719964,2.087611,0.06500686,0.9719964
454.8,0.0002853706,0.9721717,2.090368,0.06208341,0.9721717
455.4,0.0002968865,0.9723463,2.093126,0.06459435,0.9723463
456,0.0002992823,0.9725252,2.095884,0.06510259,0.9725252
456.6,0.0003039302,0.9727062,2.098641,0.06616062,0.9727062
457.2,0.000302003,0.9728879,2.101399,0.06575001,0.9728879
457.8,0.0003178309,0.9730739,2.104157,0.06920935,0.9730739
458.4,0.0003099466,0.9732622,2.106915,0.06743885,0.9732622
459,0.0003101807,0.9734483,2.109673,0.06750278,0.9734483
459.6,0.0002877369,0.9736276,2.11243,0.06261838,0.9736276
460.2,0.0002868687,0.9738,2.115188,0.06242465,0.9738
460.8,0.0002773167,0.9739693,2.117946,0.06035077,0.9739693
461.4,0.0002851992,0.974138,2.120704,0.06206639,0.974138
462,0.0002910212,0.9743109,2.123461,0.06333513,0.9743109
462.6,0.0002930192,0.9744861,2.126219,0.06376863,0.9744861
463.2,0.0002901251,0.974661,2.128977,0.06313718,0.974661
463.8,0.0002854584,0.9748337,2.131734,0.06211392,0.9748337
464.4,0.0002817297,0.9750038,2.134492,0.06132479,0.9750038
465,0.000293113,0.9751763,2.13725,0.06381955,0.9751763
465.6,0.0002853946,0.9753499,2.140008,0.06214624,0.9753499
466.2,0.0002768743,0.9755186,2.142766,0.06027892,0.9755186
466.8,0.0002732744,0.9756836,2.145523,0.05947673,0.9756836
467.4,0.000270227,0.9758466,2.148281,0.05883512,0.9758466
468,0.0002620277,0.9760063,2.151039,0.0570348,0.9760063
468.6,0.0002613069,0.9761633,2.153796,0.05688313,0.9761633
469.2,0.0002600151,0.9763197,2.156554,0.05659219,0.9763197
469.8,0.0002531702,0.9764737,2.159312,0.05508679,0.9764737
470.4,0.0002545815,0.976626,2.162069,0.05541557,0.976626
471,0.0002475277,0.9767766,2.164827,0.05387277,0.9767766
471.6,0.000232947,0.9769208,2.167585,0.0506905,0.9769208
472.2,0.0002282403,0.9770591,2.170343,0.04966716,0.9770591
472.8,0.0002360048,0.9771984,2.173101,0.05133277,0.9771984
473.4,0.0002390501,0.9773409,2.175858,0.05199999,0.9773409
474,0.0002495745,0.9774875,2.178616,0.05426687,0.9774875
474.6,0.0002468816,0.9776364,2.181374,0.05371155,0.9776364
475.2,0.0002407607,0.9777828,2.184132,0.0523576,0.9777828
475.8,0.0002334869,0.977925,2.186889,0.05079021,0.977925
476.4,0.0002364109,0.978066,2.189647,0.05144319,0.978066
477,0.000230289,0.978206,2.192405,0.05010675,0.978206
477.6,0.0002219592,0.9783417,2.195162,0.04831693,0.9783417
478.2,0.0002271188,0.9784764,2.19792,0.04944631,0.9784764
478.8,0.0002286009,0.9786131,2.200678,0.04977182,0.9786131
479.4,0.0002239208,0.9787489,2.203436,0.04874608,0.9787489
480,0.000230531,0.9788852,2.206194,0.05017485,0.9788852
480.6,0.0002278516,0.9790227,2.208951,0.04958646,0.9790227
481.2,0.0002274057,0.9791593,2.211709,0.0494907,0.9791593
481.8,0.0002219453,0.9792941,2.214467,0.04829234,0.9792941
482.4,0.0002143763,0.979425,2.217224,0.04664488,0.979425
483,0.0002047319,0.9795507,2.219982,0.04455285,0.9795507
483.6,0.0002042153,0.9796734,2.22274,0.04445096,0.9796734
484.2,0.0002130648,0.9797986,2.225497,0.04637802,0.9797986
484.8,0.0002172069,0.9799277,2.228255,0.04726167,0.9799277
485.4,0.0002222589,0.9800595,2.231013,0.04837725,0.9800595
486,0.000220835,0.9801925,2.233771,0.04805667,0.9801925
486.6,0.0002163898,0.9803236,2.236529,0.04708877,0.9803236
487.2,0.0002102439,0.9804516,2.239286,0.04576797,0.9804516
487.8,0.0002045367,0.980576,2.242044,0.04453268,0.980576
488.4,0.0002049767,0.9806989,2.244802,0.04463218,0.9806989
489,0.0002108483,0.9808236,2.24756,0.04591715,0.9808236
489.6,0.0002103916,0.98095,2.250317,0.04579861,0.98095
490.2,0.0002155894,0.9810778,2.253075,0.04692551,0.9810778
490.8,0.0002102046,0.9812055,2.255833,0.04574504,0.9812055
491.4,0.0002064822,0.9813306,2.25859,0.04492934,0.9813306
492,0.0002085643,0.981455,2.261349,0.04539762,0.981455
492.6,0.0002095078,0.9815805,2.264106,0.04560389,0.9815805
493.2,0.0002094734,0.9817062,2.266864,0.04560948,0.9817062
493.8,0.0002139603,0.9818332,2.269622,0.04659882,0.9818332
494.4,0.0002051915,0.9819589,2.272379,0.04468261,0.9819589
495,0.0001929468,0.9820784,2.275137,0.04201581,0.9820784
495.6,0.0001868821,0.9821924,2.277895,0.04070181,0.9821924
496.2,0.0001815105,0.9823029,2.280652,0.03951646,0.9823029
496.8,0.0001783218,0.9824108,2.28341,0.03881764,0.9824108
497.4,0.0001774387,0.9825175,2.286168,0.03860744,0.9825175
498,0.0001765745,0.9826237,2.288926,0.03842419,0.9826237
498.6,0.0001701001,0.9827277,2.291684,0.0370114,0.9827277
499.2,0.0001639628,0.9828279,2.294441,0.03566254,0.9828279
499.8,0.0001734641,0.9829292,2.297199,0.03773034,0.9829292
500.4,0.0001653862,0.9830308,2.299957,0.03597779,0.9830308
501,0.00016219,0.9831291,2.302714,0.03528014,0.9831291
501.6,0.0001694086,0.9832286,2.305472,0.03685179,0.9832286
502.2,0.0001654954,0.9833291,2.30823,0.03600557,0.9833291
502.8,0.0001560319,0.9834255,2.310988,0.03395611,0.9834255
503.4,0.0001666097,0.9835223,2.313745,0.03626848,0.9835223
504,0.0001720089,0.9836239,2.316503,0.03746948,0.9836239
504.6,0.000175184,0.9837281,2.319261,0.03815844,0.9837281
505.2,0.0001803416,0.9838347,2.322018,0.03927052,0.9838347
505.8,0.0001771286,0.9839419,2.324777,0.03857261,0.9839419
506.4,0.0001756632,0.9840478,2.327534,0.03825674,0.9840478
507,0.0001669722,0.9841506,2.330292,0.03636632,0.9841506
507.6,0.0001675051,0.9842509,2.33305,0.03647252,0.9842509
508.2,0.0001632711,0.9843501,2.335807,0.03555728,0.9843501
508.8,0.00016262,0.9844479,2.338565,0.0354031,0.9844479
509.4,0.0001587405,0.9845443,2.341323,0.03456474,0.9845443
510,0.0001628886,0.9846408,2.34408,0.03545941,0.9846408
510.6,0.0001570439,0.9847368,2.346838,0.03418677,0.9847368
511.2,0.0001531447,0.9848299,2.349596,0.03332958,0.9848299
511.8,0.0001530692,0.9849217,2.352354,0.03331907,0.9849217
512.4,0.0001566771,0.9850147,2.355112,0.03408989,0.9850147
513,0.0001563213,0.9851085,2.357869,0.03400638,0.9851085
513.6,0.0001558445,0.9852022,2.360627,0.03392336,0.9852022
514.2,0.0001569693,0.985296,2.363385,0.03416077,0.985296
514.8,0.0001535967,0.9853892,2.366143,0.03341757,0.9853892
515.4,0.0001498731,0.9854802,2.3689,0.03260261,0.9854802
516,0.0001520629,0.9855708,2.371658,0.03307528,0.9855708
516.6,0.0001391447,0.9856582,2.374416,0.03025779,0.9856582
517.2,0.0001348385,0.9857404,2.377173,0.02932242,0.9857404
517.8,0.0001336093,0.9858209,2.379931,0.02906162,0.9858209
518.4,0.0001294822,0.9858998,2.382689,0.02817565,0.9858998
519,0.0001312808,0.9859781,2.385447,0.02856175,0.9859781
519.6,0.000131601,0.9860569,2.388205,0.02864422,0.9860569
520.2,0.0001358112,0.9861372,2.390962,0.02955631,0.9861372
520.8,0.0001305607,0.9862171,2.39372,0.02841339,0.9862171
521.4,0.0001343846,0.9862966,2.396478,0.02924127,0.9862966
522,0.0001265791,0.9863748,2.399235,0.02754076,0.9863748
522.6,0.0001305589,0.986452,2.401993,0.02841083,0.986452
523.2,0.0001282932,0.9865297,2.404751,0.0279223,0.9865297
523.8,0.0001293168,0.9866069,2.407508,0.02814348,0.9866069
524.4,0.0001310387,0.9866851,2.410266,0.0285292,0.9866851
525,0.0001301679,0.9867634,2.413024,0.02832223,0.9867634
525.6,0.000133128,0.9868424,2.415782,0.02898158,0.9868424
526.2,0.0001339336,0.9869225,2.41854,0.02914517,0.9869225
526.8,0.0001317831,0.9870022,2.421297,0.02868604,0.9870022
527.4,0.0001315556,0.9870812,2.424055,0.02864583,0.9870812
528,0.0001345986,0.9871611,2.426813,0.02929778,0.9871611
528.6,0.0001300852,0.9872405,2.429571,0.02831084,0.9872405
529.2,0.0001304798,0.9873186,2.432328,0.02839518,0.9873186
529.8,0.0001261464,0.9873956,2.435086,0.02744951,0.9873956
530.4,0.0001249296,0.987471,2.437844,0.02718254,0.987471
531,0.0001212916,0.9875448,2.440601,0.02639959,0.9875448
531.6,0.0001212714,0.9876176,2.443359,0.02639218,0.9876176
532.2,0.0001234444,0.987691,2.446117,0.02687399,0.987691
532.8,0.0001228176,0.9877649,2.448875,0.02673566,0.9877649
533.4,0.0001250164,0.9878392,2.451633,0.02722116,0.9878392
534,0.0001211733,0.9879131,2.45439,0.02637776,0.9879131
534.6,0.0001140601,0.9879837,2.457148,0.02483078,0.9879837
535.2,0.0001127272,0.9880517,2.459906,0.0245405,0.9880517
535.8,0.000115318,0.9881201,2.462663,0.0250971,0.9881201
536.4,0.0001133727,0.9881887,2.465421,0.02466286,0.9881887
537,0.0001124218,0.9882565,2.468179,0.02444834,0.9882565
537.6,0.0001072359,0.9883224,2.470936,0.02331934,0.9883224
538.2,0.0001130669,0.9883884,2.473694,0.02459152,0.9883884
538.8,0.0001106991,0.9884556,2.476452,0.02407811,0.9884556
539.4,0.0001107228,0.988522,2.47921,0.02409065,0.988522
540,0.0001066434,0.9885872,2.481968,0.02320158,0.9885872
540.6,0.0001075974,0.9886515,2.484725,0.02341589,0.9886515
541.2,0.0001058576,0.9887155,2.487483,0.02303067,0.9887155
541.8,0.0001056548,0.988779,2.490241,0.02298549,0.988779
542.4,0.0001083722,0.9888432,2.492999,0.02358283,0.9888432
543,0.0001056317,0.9889074,2.495756,0.02298566,0.9889074
543.6,0.0001094001,0.9889719,2.498514,0.02380306,0.9889719
544.2,0.0001089546,0.9890374,2.501272,0.02370526,0.9890374
544.8,0.000109636,0.989103,2.504029,0.02385278,0.989103
545.4,0.0001152061,0.9891705,2.506788,0.02506547,0.9891705
546,0.0001153748,0.9892396,2.509545,0.02511419,0.9892396
546.6,0.0001110274,0.9893075,2.512303,0.02416273,0.9893075
547.2,0.0001123947,0.9893746,2.515061,0.0244642,0.9893746
547.8,0.0001105453,0.9894414,2.517818,0.02406262,0.9894414
548.4,0.0001093145,0.9895074,2.520576,0.02380661,0.9895074
549,0.0001029482,0.9895711,2.523334,0.02241295,0.9895711
549.6,0.0001079956,0.9896344,2.526091,0.02351476,0.9896344
550.2,0.0001096859,0.9896997,2.528849,0.02390051,0.9896997
550.8,0.0001043424,0.9897639,2.531607,0.02272675,0.9897639
551.4,0.0001039411,0.9898263,2.534365,0.02262809,0.9898263
552,9.998126E-05,0.9898875,2.537122,0.02176747,0.9898875
552.6,9.929066E-05,0.9899473,2.53988,0.02160914,0.9899473
553.2,9.811209E-05,0.9900065,2.542638,0.02134706,0.9900065
553.8,9.313291E-05,0.9900639,2.545396,0.0202643,0.9900639
554.4,8.988641E-05,0.9901188,2.548153,0.0195565,0.9901188
555,8.968547E-05,0.9901727,2.550911,0.01951389,0.9901727
555.6,9.364262E-05,0.9902277,2.553669,0.02037066,0.9902277
556.2,9.087127E-05,0.990283,2.556427,0.01977685,0.990283
556.8,9.498624E-05,0.9903388,2.559184,0.02067634,0.9903388
557.4,9.443868E-05,0.9903956,2.561942,0.02056103,0.9903956
558,9.493187E-05,0.9904524,2.5647,0.02066513,0.9904524
558.6,9.637527E-05,0.9905098,2.567457,0.02098042,0.9905098
559.2,9.551812E-05,0.9905674,2.570216,0.02079066,0.9905674
559.8,9.585094E-05,0.9906248,2.572973,0.02085554,0.9906248
560.4,9.295284E-05,0.9906814,2.575731,0.02022301,0.9906814
561,9.326797E-05,0.9907373,2.578489,0.02028637,0.9907373
561.6,8.975867E-05,0.9907922,2.581246,0.0195259,0.9907922
562.2,8.667911E-05,0.9908451,2.584004,0.01885486,0.9908451
562.8,8.496208E-05,0.9908967,2.586762,0.0184809,0.9908967
563.4,8.278049E-05,0.9909469,2.589519,0.01800099,0.9909469
564,8.579891E-05,0.9909976,2.592277,0.01865588,0.9909976
564.6,8.288719E-05,0.9910481,2.595035,0.01802289,0.9910481
565.2,8.196118E-05,0.9910976,2.597793,0.01782018,0.9910976
565.8,7.847495E-05,0.9911457,2.600551,0.01706894,0.9911457
566.4,7.88976E-05,0.9911929,2.603308,0.01716487,0.9911929
567,7.894472E-05,0.9912403,2.606066,0.01717522,0.9912403
567.6,8.083505E-05,0.9912882,2.608824,0.01758554,0.9912882
568.2,7.833173E-05,0.991336,2.611582,0.01704472,0.991336
568.8,8.059801E-05,0.9913837,2.614339,0.01754595,0.9913837
569.4,8.470115E-05,0.9914333,2.617097,0.0184214,0.9914333
570,8.402131E-05,0.9914839,2.619855,0.01827848,0.9914839
570.6,8.961871E-05,0.9915359,2.622612,0.01949207,0.9915359
571.2,8.707714E-05,0.9915889,2.62537,0.01893697,0.9915889
571.8,8.154863E-05,0.9916396,2.628128,0.01773633,0.9916396
572.4,7.923002E-05,0.9916878,2.630886,0.01722441,0.9916878
573,8.112728E-05,0.9917359,2.633644,0.01764702,0.9917359
573.6,7.98753E-05,0.9917842,2.636401,0.01737496,0.9917842
574.2,7.579669E-05,0.9918309,2.639159,0.01649657,0.9918309
574.8,7.421033E-05,0.9918759,2.641917,0.01615502,0.9918759
575.4,7.384335E-05,0.9919203,2.644674,0.01607694,0.9919203
576,6.771212E-05,0.9919628,2.647432,0.01473909,0.9919628
576.6,7.009716E-05,0.9920041,2.65019,0.01525809,0.9920041
577.2,7.183914E-05,0.9920467,2.652947,0.01563446,0.9920467
577.8,7.030445E-05,0.9920894,2.655705,0.01530028,0.9920894
578.4,7.084808E-05,0.9921317,2.658463,0.01542189,0.9921317
579,7.076632E-05,0.9921742,2.661221,0.01540238,0.9921742
579.6,6.808994E-05,0.9922158,2.663979,0.01482318,0.9922158
580.2,6.608776E-05,0.9922561,2.666736,0.01438124,0.9922561
580.8,6.743667E-05,0.9922962,2.669494,0.01467786,0.9922962
581.4,6.61802E-05,0.9923363,2.672252,0.01439937,0.9923363
582,6.702853E-05,0.9923762,2.67501,0.01458366,0.9923762
582.6,6.848601E-05,0.9924168,2.677767,0.01489535,0.9924168
583.2,6.98619E-05,0.9924583,2.680525,0.01519491,0.9924583
583.8,7.183261E-05,0.9925009,2.683283,0.0156275,0.9925009
584.4,6.865271E-05,0.992543,2.68604,0.01493415,0.992543
585,7.032964E-05,0.9925847,2.688798,0.01530065,0.9925847
585.6,6.756041E-05,0.992626,2.691556,0.01469798,0.992626
586.2,6.973841E-05,0.9926673,2.694314,0.01517276,0.9926673
586.8,6.847077E-05,0.9927087,2.697072,0.0148997,0.9927087
587.4,6.848234E-05,0.9927498,2.699829,0.01489961,0.9927498
588,6.862109E-05,0.9927909,2.702587,0.01494358,0.9927909
588.6,7.055699E-05,0.9928327,2.705345,0.01535965,0.9928327
589.2,6.538037E-05,0.9928734,2.708102,0.01422266,0.9928734
589.8,6.777512E-05,0.9929134,2.71086,0.01474841,0.9929134
590.4,6.25584E-05,0.9929525,2.713618,0.01360396,0.9929525
591,6.50213E-05,0.9929908,2.716375,0.01414875,0.9929908
591.6,6.639084E-05,0.9930302,2.719133,0.01444872,0.9930302
592.2,6.763712E-05,0.9930704,2.721891,0.01472451,0.9930704
592.8,6.483553E-05,0.9931101,2.724649,0.0141112,0.9931101
593.4,6.358648E-05,0.9931487,2.727407,0.01384096,0.9931487
594,5.787976E-05,0.9931851,2.730164,0.01259221,0.9931851
594.6,5.546211E-05,0.9932191,2.732922,0.0120646,0.9932191
595.2,5.815047E-05,0.9932532,2.73568,0.01264906,0.9932532
595.8,5.471641E-05,0.9932871,2.738438,0.01190114,0.9932871
596.4,5.624726E-05,0.9933204,2.741195,0.01223221,0.9933204
597,5.698318E-05,0.9933543,2.743953,0.01239831,0.9933543
597.6,5.754857E-05,0.9933887,2.746711,0.01252253,0.9933887
598.2,5.789648E-05,0.9934233,2.749468,0.01260186,0.9934233
598.8,5.55248E-05,0.9934573,2.752226,0.01208534,0.9934573
599.4,5.725112E-05,0.9934912,2.754984,0.01246071,0.9934912
600,5.59067E-05,0.9935252,2.757742,0.01217051,0.9935252
600.6,5.658587E-05,0.9935589,2.7605,0.01231013,0.9935589
601.2,5.856221E-05,0.9935934,2.763257,0.01274839,0.9935934
601.8,5.59133E-05,0.9936278,2.766015,0.01216807,0.9936278
602.4,5.775358E-05,0.9936619,2.768773,0.01256621,0.9936619
603,5.644991E-05,0.9936962,2.77153,0.01228677,0.9936962
603.6,5.780387E-05,0.9937304,2.774288,0.01257635,0.9937304
604.2,5.804874E-05,0.9937652,2.777046,0.01262952,0.9937652
604.8,5.612646E-05,0.9937994,2.779804,0.0122139,0.9937994
605.4,5.758118E-05,0.9938335,2.782561,0.01253114,0.9938335
606,5.857672E-05,0.9938684,2.785319,0.01275013,0.9938684
606.6,5.655433E-05,0.9939029,2.788077,0.01231016,0.9939029
607.2,5.549782E-05,0.9939365,2.790835,0.0120824,0.9939365
607.8,5.411491E-05,0.9939694,2.793592,0.01177995,0.9939694
608.4,5.355817E-05,0.9940017,2.79635,0.01165383,0.9940017
609,5.401302E-05,0.994034,2.799108,0.01175303,0.994034
609.6,5.220355E-05,0.9940658,2.801866,0.01136094,0.9940658
610.2,5.24172E-05,0.9940972,2.804623,0.01140272,0.9940972
610.8,5.236372E-05,0.9941287,2.807381,0.01139278,0.9941287
611.4,5.015874E-05,0.9941594,2.810139,0.01091506,0.9941594
612,5.075902E-05,0.9941897,2.812896,0.01104639,0.9941897
612.6,5.088455E-05,0.9942202,2.815655,0.01106908,0.9942202
613.2,5.281768E-05,0.9942513,2.818412,0.0114907,0.9942513
613.8,5.281948E-05,0.994283,2.82117,0.01149326,0.994283
614.4,5.083377E-05,0.9943141,2.823928,0.01106299,0.9943141
615,4.861069E-05,0.9943439,2.826685,0.0105784,0.9943439
615.6,5.079546E-05,0.9943738,2.829443,0.01105811,0.9943738
616.2,5.031639E-05,0.9944041,2.832201,0.01095042,0.9944041
616.8,5.28154E-05,0.994435,2.834958,0.01149219,0.994435
617.4,5.33679E-05,0.9944669,2.837716,0.01160986,0.9944669
618,5.284303E-05,0.9944987,2.840474,0.01149844,0.9944987
618.6,4.827525E-05,0.9945291,2.843232,0.01050027,0.9945291
619.2,4.922392E-05,0.9945583,2.84599,0.01070688,0.9945583
619.8,4.553594E-05,0.9945868,2.848747,0.009902356,0.9945868
620.4,4.557873E-05,0.9946141,2.851505,0.009913657,0.9946141
621,4.298622E-05,0.9946407,2.854263,0.009345098,0.9946407
621.6,4.433963E-05,0.9946669,2.857021,0.009648134,0.9946669
622.2,4.296667E-05,0.9946931,2.859778,0.009350397,0.9946931
622.8,4.126594E-05,0.9947183,2.862536,0.008980742,0.9947183
623.4,4.216163E-05,0.9947434,2.865294,0.009173354,0.9947434
624,4.243503E-05,0.9947687,2.868051,0.009234052,0.9947687
624.6,4.601069E-05,0.9947952,2.870809,0.010011,0.9947952
625.2,4.570467E-05,0.9948228,2.873567,0.009941691,0.9948228
625.8,4.570989E-05,0.9948502,2.876325,0.009942022,0.9948502
626.4,4.830354E-05,0.9948784,2.879083,0.01050984,0.9948784
627,4.649611E-05,0.9949068,2.88184,0.01011828,0.9949068
627.6,4.713625E-05,0.9949349,2.884598,0.01025909,0.9949349
628.2,4.459624E-05,0.9949625,2.887356,0.009708583,0.9949625
628.8,4.552045E-05,0.9949895,2.890113,0.00990873,0.9949895
629.4,4.541334E-05,0.9950168,2.892871,0.009881487,0.9950168
630,4.526336E-05,0.995044,2.895629,0.009852338,0.995044
630.6,4.278318E-05,0.9950704,2.898386,0.009311353,0.9950704
631.2,4.31094E-05,0.9950961,2.901144,0.009378676,0.9950961
631.8,4.173596E-05,0.9951216,2.903902,0.009084996,0.9951216
632.4,4.03943E-05,0.9951462,2.90666,0.008789248,0.9951462
633,3.973199E-05,0.9951703,2.909418,0.008640485,0.9951703
633.6,4.165468E-05,0.9951947,2.912175,0.009061439,0.9951947
634.2,3.957613E-05,0.9952191,2.914933,0.008607693,0.9952191
634.8,3.960083E-05,0.9952428,2.917691,0.008612123,0.9952428
635.4,3.893053E-05,0.9952664,2.920449,0.008468575,0.9952664
636,4.068563E-05,0.9952903,2.923206,0.008849451,0.9952903
636.6,4.072573E-05,0.9953147,2.925964,0.008856904,0.9953147
637.2,3.970615E-05,0.9953388,2.928722,0.008636799,0.9953388
637.8,4.133123E-05,0.9953632,2.931479,0.008988569,0.9953632
638.4,4.046407E-05,0.9953877,2.934237,0.008803491,0.9953877
639,4.079641E-05,0.9954121,2.936995,0.00887243,0.9954121
639.6,4.023119E-05,0.9954364,2.939753,0.008755586,0.9954364
640.2,4.037727E-05,0.9954606,2.942511,0.008791027,0.9954606
640.8,3.817799E-05,0.9954841,2.945268,0.008309582,0.9954841
641.4,3.652641E-05,0.9955065,2.948026,0.007950816,0.9955065
642,3.730317E-05,0.9955286,2.950784,0.008118296,0.9955286
642.6,3.756051E-05,0.9955511,2.953541,0.008172659,0.9955511
643.2,3.782894E-05,0.9955738,2.956299,0.008230998,0.9955738
643.8,4.0303E-05,0.9955972,2.959057,0.008770368,0.9955972
644.4,3.90422E-05,0.995621,2.961814,0.008492837,0.995621
645,3.837826E-05,0.9956442,2.964572,0.008348875,0.9956442
645.6,3.791754E-05,0.9956671,2.96733,0.008246029,0.9956671
646.2,3.654393E-05,0.9956894,2.970088,0.007944981,0.9956894
646.8,3.387301E-05,0.9957106,2.972846,0.007364082,0.9957106
647.4,3.358689E-05,0.9957308,2.975603,0.007304211,0.9957308
648,3.36834E-05,0.995751,2.978361,0.007323423,0.995751
648.6,3.355632E-05,0.9957711,2.981119,0.007296138,0.9957711
649.2,3.260879E-05,0.995791,2.983877,0.007088786,0.995791
649.8,3.201055E-05,0.9958104,2.986634,0.006957991,0.9958104
650.4,3.148454E-05,0.9958294,2.989392,0.006847317,0.9958294
651,3.203452E-05,0.9958485,2.99215,0.006968507,0.9958485
651.6,3.331504E-05,0.9958681,2.994907,0.007248108,0.9958681
652.2,3.393774E-05,0.9958883,2.997665,0.007385361,0.9958883
652.8,3.378302E-05,0.9959086,3.000423,0.007351824,0.9959086
653.4,3.319905E-05,0.9959287,3.003181,0.007224797,0.9959287
654,3.256298E-05,0.9959484,3.005939,0.007085058,0.9959484
654.6,3.215704E-05,0.9959678,3.008696,0.006998772,0.9959678
655.2,3.183335E-05,0.995987,3.011454,0.00692793,0.995987
655.8,3.411576E-05,0.9960068,3.014212,0.007426103,0.9960068
656.4,3.378481E-05,0.9960272,3.016969,0.007354391,0.9960272
657,3.451967E-05,0.9960477,3.019727,0.007511851,0.9960477
657.6,3.452807E-05,0.9960684,3.022485,0.007511975,0.9960684
658.2,3.401566E-05,0.996089,3.025243,0.007401757,0.996089
658.8,3.35119E-05,0.9961092,3.028,0.007289636,0.9961092
659.4,3.295784E-05,0.9961291,3.030758,0.007167371,0.9961291
660,3.313432E-05,0.996149,3.033516,0.007203517,0.996149
660.6,3.305142E-05,0.9961688,3.036274,0.007184761,0.9961688
661.2,3.330061E-05,0.9961888,3.039032,0.007236972,0.9961888
661.8,3.216772E-05,0.9962084,3.041789,0.006997407,0.9962084
662.4,3.285138E-05,0.9962279,3.044547,0.007143439,0.9962279
663,3.156923E-05,0.9962472,3.047305,0.006868639,0.9962472
663.6,3.244136E-05,0.9962664,3.050062,0.007056076,0.9962664
664.2,3.356219E-05,0.9962862,3.05282,0.00729978,0.9962862
664.8,3.282848E-05,0.9963061,3.055578,0.007141575,0.9963061
665.4,3.256005E-05,0.9963257,3.058335,0.007083237,0.9963257
666,3.182633E-05,0.996345,3.061094,0.006925032,0.996345
666.6,3.107338E-05,0.9963639,3.063851,0.006760699,0.9963639
667.2,2.9876E-05,0.9963822,3.066609,0.006497826,0.9963822
667.8,3.09846E-05,0.9964005,3.069367,0.0067383,0.9964005
668.4,3.063711E-05,0.9964189,3.072124,0.006664311,0.9964189
669,3.272609E-05,0.996438,3.074882,0.00711872,0.996438
669.6,3.144353E-05,0.9964572,3.07764,0.006838581,0.9964572
670.2,3.148837E-05,0.9964761,3.080397,0.006850422,0.9964761
670.8,2.900069E-05,0.9964942,3.083155,0.006310596,0.9964942
671.4,2.887907E-05,0.9965116,3.085913,0.006281614,0.9965116
672,2.834515E-05,0.9965288,3.088671,0.006166759,0.9965288
672.6,2.770909E-05,0.9965456,3.091429,0.00602702,0.9965456
673.2,2.735572E-05,0.9965621,3.094186,0.005949388,0.9965621
673.8,2.761461E-05,0.9965786,3.096944,0.006008347,0.9965786
674.4,2.855423E-05,0.9965955,3.099702,0.006211517,0.9965955
675,2.867903E-05,0.9966126,3.10246,0.006240292,0.9966126
675.6,2.75684E-05,0.9966295,3.105217,0.005999279,0.9966295
676.2,2.679302E-05,0.9966458,3.107975,0.005829026,0.9966458
676.8,2.60258E-05,0.9966617,3.110733,0.005660926,0.9966617
677.4,2.570325E-05,0.9966772,3.11349,0.005589338,0.9966772
678,2.458152E-05,0.9966922,3.116248,0.005344351,0.9966922
678.6,2.5718E-05,0.9967073,3.119006,0.00558905,0.9967073
679.2,2.729368E-05,0.9967232,3.121764,0.005931958,0.9967232
679.8,2.814177E-05,0.9967399,3.124522,0.006118276,0.9967399
680.4,2.906191E-05,0.996757,3.127279,0.006317346,0.996757
681,2.827358E-05,0.9967742,3.130037,0.006149949,0.9967742
681.6,2.893842E-05,0.9967914,3.132795,0.006295194,0.9967914
682.2,2.623872E-05,0.996808,3.135552,0.005708788,0.996808
682.8,2.39898E-05,0.996823,3.13831,0.00522051,0.996823
683.4,2.38668E-05,0.9968374,3.141068,0.005194301,0.9968374
684,2.354082E-05,0.9968516,3.143825,0.005124949,0.9968516
684.6,2.373042E-05,0.9968658,3.146583,0.005165608,0.9968658
685.2,2.425008E-05,0.9968802,3.149341,0.005276696,0.9968802
685.8,2.434251E-05,0.9968948,3.152099,0.005294831,0.9968948
686.4,2.541851E-05,0.9969097,3.154857,0.005526694,0.9969097
687,2.55209E-05,0.996925,3.157614,0.005549549,0.996925
687.6,2.506742E-05,0.9969402,3.160372,0.005447572,0.9969402
688.2,2.546065E-05,0.9969553,3.16313,0.005534686,0.9969553
688.8,2.66943E-05,0.996971,3.165888,0.005801907,0.996971
689.4,2.641161E-05,0.9969869,3.168645,0.005739802,0.9969869
690,2.631534E-05,0.9970027,3.171403,0.005718562,0.9970027
690.6,2.53943E-05,0.9970182,3.174161,0.005518207,0.9970182
691.2,2.505927E-05,0.9970334,3.176918,0.005445419,0.9970334
691.8,2.346068E-05,0.9970479,3.179676,0.005100647,0.9970479
692.4,2.4261E-05,0.9970622,3.182434,0.005273302,0.9970622
693,2.518383E-05,0.9970771,3.185192,0.005476223,0.9970771
693.6,2.525768E-05,0.9970922,3.18795,0.005491542,0.9970922
694.2,2.560404E-05,0.9971075,3.190707,0.005566277,0.9971075
694.8,2.499969E-05,0.9971226,3.193465,0.005433867,0.9971226
695.4,2.436363E-05,0.9971375,3.196223,0.005294129,0.9971375
696,2.401931E-05,0.9971519,3.19898,0.005219932,0.9971519
696.6,2.411558E-05,0.9971664,3.201738,0.005241173,0.9971664
697.2,2.33839E-05,0.9971806,3.204496,0.005083506,0.9971806
697.8,2.402289E-05,0.9971949,3.207253,0.005225066,0.9971949
698.4,2.369716E-05,0.9972092,3.210011,0.005153685,0.9972092
699,2.460165E-05,0.9972237,3.212769,0.005351762,0.9972237
699.6,2.501257E-05,0.9972386,3.215527,0.005440408,0.9972386
700.2,2.352206E-05,0.9972531,3.218285,0.005114766,0.9972531
700.8,2.317367E-05,0.9972671,3.221042,0.005039493,0.9972671
701.4,2.259174E-05,0.9972808,3.2238,0.004913003,0.9972808
702,2.329415E-05,0.9972946,3.226558,0.00506922,0.9972946
702.6,2.404735E-05,0.9973088,3.229316,0.005231524,0.9973088
703.2,2.398279E-05,0.9973232,3.232073,0.005217612,0.9973232
703.8,2.241142E-05,0.9973371,3.234831,0.004873752,0.9973371
704.4,2.248797E-05,0.9973506,3.237589,0.004892922,0.9973506
705,2.243996E-05,0.9973641,3.240346,0.004881288,0.9973641
705.6,2.10908E-05,0.9973771,3.243104,0.004586698,0.9973771
706.2,2.118503E-05,0.9973898,3.245862,0.0046074,0.9973898
706.8,2.158869E-05,0.9974027,3.24862,0.004695177,0.9974027
707.4,2.075373E-05,0.9974154,3.251378,0.004513372,0.9974154
708,2.013715E-05,0.9974276,3.254135,0.004377732,0.9974276
708.6,2.039197E-05,0.9974398,3.256893,0.004435615,0.9974398
709.2,2.033035E-05,0.997452,3.259651,0.004423525,0.997452
709.8,2.081894E-05,0.9974644,3.262408,0.004530595,0.9974644
710.4,2.15291E-05,0.9974771,3.265166,0.004683625,0.9974771
711,2.26051E-05,0.9974903,3.267924,0.004915488,0.9974903
711.6,2.244248E-05,0.9975038,3.270682,0.00487777,0.9975038
712.2,2.243204E-05,0.9975173,3.273439,0.004877106,0.9975173
712.8,2.29963E-05,0.9975309,3.276197,0.005002063,0.9975309
713.4,2.272697E-05,0.9975446,3.278955,0.004942442,0.9975446
714,2.257837E-05,0.9975582,3.281713,0.004910519,0.9975582
714.6,2.230179E-05,0.9975717,3.284471,0.004850028,0.9975717
715.2,2.134178E-05,0.9975848,3.287228,0.004641476,0.9975848
715.8,2.064409E-05,0.9975974,3.289986,0.004489647,0.9975974
716.4,2.12138E-05,0.99761,3.292744,0.004612907,0.99761
717,1.977425E-05,0.9976222,3.295501,0.00430072,0.9976222
717.6,1.966371E-05,0.9976341,3.298259,0.004275713,0.9976341
718.2,1.877031E-05,0.9976456,3.301017,0.004081611,0.9976456
718.8,1.934523E-05,0.997657,3.303774,0.004205202,0.997657
719.4,1.924081E-05,0.9976686,3.306533,0.004181809,0.9976686
720,1.936789E-05,0.9976802,3.30929,0.004209094,0.9976802
720.6,2.011563E-05,0.997692,3.312048,0.004373095,0.997692
721.2,1.912416E-05,0.9977038,3.314806,0.004155186,0.9977038
721.8,1.986668E-05,0.9977155,3.317563,0.004318856,0.9977155
722.4,1.993214E-05,0.9977274,3.320321,0.004334051,0.9977274
723,1.990858E-05,0.9977394,3.323079,0.004328875,0.9977394
723.6,2.124934E-05,0.9977517,3.325836,0.00462334,0.9977517
724.2,2.053829E-05,0.9977643,3.328594,0.004469027,0.9977643
724.8,2.079881E-05,0.9977767,3.331352,0.004523185,0.9977767
725.4,1.993442E-05,0.9977889,3.33411,0.004332561,0.9977889
726,2.052247E-05,0.997801,3.336867,0.004460665,0.997801
726.6,1.907093E-05,0.9978129,3.339625,0.004143221,0.9978129
727.2,1.953802E-05,0.9978245,3.342383,0.004245654,0.9978245
727.8,1.937604E-05,0.9978362,3.345141,0.004211247,0.9978362
728.4,1.924285E-05,0.9978477,3.347899,0.004182347,0.9978477
729,1.894564E-05,0.9978592,3.350656,0.004118502,0.9978592
729.6,1.95901E-05,0.9978708,3.353414,0.004258365,0.9978708
730.2,1.953981E-05,0.9978825,3.356172,0.00424822,0.9978825
730.8,1.939235E-05,0.9978942,3.358929,0.004215553,0.9978942
731.4,1.834447E-05,0.9979055,3.361687,0.003985885,0.9979055
732,1.959035E-05,0.9979169,3.364445,0.004256336,0.9979169
732.6,1.894589E-05,0.9979285,3.367202,0.004116473,0.9979285
733.2,1.850033E-05,0.9979397,3.369961,0.004018677,0.9979397
733.8,1.843666E-05,0.9979508,3.372718,0.004006049,0.9979508
734.4,1.800765E-05,0.9979617,3.375476,0.00391053,0.9979617
735,1.819E-05,0.9979726,3.378234,0.00395032,0.9979726
735.6,1.791317E-05,0.9979834,3.380991,0.003891856,0.9979834
736.2,1.702271E-05,0.9979939,3.383749,0.003699576,0.9979939
736.8,1.764768E-05,0.9980043,3.386507,0.00383534,0.9980043
737.4,1.761076E-05,0.9980148,3.389264,0.00382768,0.9980148
738,1.663877E-05,0.9980251,3.392022,0.00361387,0.9980251
738.6,1.783207E-05,0.9980354,3.39478,0.003875667,0.9980354
739.2,1.671442E-05,0.9980458,3.397538,0.003631756,0.9980458
739.8,1.752672E-05,0.9980561,3.400296,0.003809669,0.9980561
740.4,1.684443E-05,0.9980664,3.403053,0.003660863,0.9980664
741,1.681272E-05,0.9980765,3.405811,0.003653535,0.9980765
741.6,1.645683E-05,0.9980865,3.408569,0.003579421,0.9980865
742.2,1.639251E-05,0.9980963,3.411327,0.003563481,0.9980963
742.8,1.6916E-05,0.9981063,3.414084,0.003677673,0.9981063
743.4,1.764948E-05,0.9981167,3.416842,0.003837906,0.9981167
744,1.792606E-05,0.9981274,3.4196,0.003898398,0.9981274
744.6,1.741594E-05,0.998138,3.422357,0.00378669,0.998138
745.2,1.736271E-05,0.9981484,3.425115,0.003774724,0.9981484
745.8,1.7331E-05,0.9981588,3.427873,0.003767395,0.9981588
746.4,1.616916E-05,0.9981689,3.430631,0.003514955,0.9981689
747,1.611072E-05,0.9981786,3.433389,0.003502658,0.9981786
747.6,1.60892E-05,0.9981882,3.436146,0.003498021,0.9981882
748.2,1.550522E-05,0.9981977,3.438904,0.003370993,0.9981977
748.8,1.651731E-05,0.9982073,3.441662,0.003592256,0.9982073
749.4,1.562391E-05,0.998217,3.444419,0.003398154,0.998217
750,1.587286E-05,0.9982264,3.447177,0.003452393,0.9982264
750.6,1.495296E-05,0.9982356,3.449935,0.003251294,0.9982356
751.2,1.426342E-05,0.9982444,3.452693,0.003101618,0.9982444
751.8,1.54418E-05,0.9982533,3.45545,0.003356336,0.9982533
752.4,1.461296E-05,0.9982623,3.458208,0.003176146,0.9982623
753,1.528619E-05,0.9982713,3.460966,0.003321516,0.9982713
753.6,1.489704E-05,0.9982804,3.463724,0.003235479,0.9982804
754.2,1.487731E-05,0.9982893,3.466481,0.003233408,0.9982893
754.8,1.525718E-05,0.9982984,3.469239,0.003318037,0.9982984
755.4,1.507165E-05,0.9983075,3.471997,0.003278455,0.9983075
756,1.568122E-05,0.9983166,3.474755,0.003411196,0.9983166
756.6,1.533804E-05,0.9983259,3.477512,0.003336255,0.9983259
757.2,1.527984E-05,0.9983352,3.48027,0.003321929,0.9983352
757.8,1.438146E-05,0.998344,3.483028,0.003125467,0.998344
758.4,1.438146E-05,0.9983527,3.485785,0.003125467,0.9983527
759,1.441113E-05,0.9983613,3.488543,0.003132257,0.9983613
759.6,1.455793E-05,0.99837,3.491301,0.003161614,0.99837
760.2,1.41511E-05,0.9983786,3.494059,0.003074044,0.9983786
760.8,1.454025E-05,0.9983872,3.496817,0.003160081,0.9983872
761.4,1.3737E-05,0.9983957,3.499574,0.002985605,0.9983957
762,1.355351E-05,0.9984039,3.502332,0.00294656,0.9984039
762.6,1.417033E-05,0.9984122,3.50509,0.003080171,0.9984122
763.2,1.452077E-05,0.9984208,3.507847,0.003155982,0.9984208
763.8,1.363372E-05,0.9984292,3.510605,0.002961466,0.9984292
764.4,1.484584E-05,0.9984378,3.513363,0.003224051,0.9984378
765,1.483044E-05,0.9984467,3.516121,0.003221029,0.9984467
765.6,1.431714E-05,0.9984554,3.518878,0.003109528,0.9984554
766.2,1.515593E-05,0.9984643,3.521636,0.003294437,0.9984643
766.8,1.459959E-05,0.9984732,3.524394,0.003173661,0.9984732
767.4,1.437013E-05,0.9984819,3.527152,0.003123521,0.9984819
768,1.530633E-05,0.9984908,3.52991,0.003328926,0.9984908
768.6,1.443648E-05,0.9984997,3.532667,0.00314,0.9984997
769.2,1.424598E-05,0.9985084,3.535425,0.003098057,0.9985084
769.8,1.371409E-05,0.9985167,3.538183,0.002983741,0.9985167
770.4,1.313444E-05,0.9985248,3.54094,0.002855761,0.9985248
771,1.400518E-05,0.9985329,3.543698,0.003045971,0.9985329
771.6,1.426546E-05,0.9985414,3.546456,0.003102156,0.9985414
772.2,1.421631E-05,0.9985499,3.549213,0.003091267,0.9985499
772.8,1.440298E-05,0.9985586,3.551971,0.003130105,0.9985586
773.4,1.430875E-05,0.9985672,3.554729,0.003109403,0.9985672
774,1.430059E-05,0.9985757,3.557487,0.00310725,0.9985757
774.6,1.342871E-05,0.998584,3.560245,0.002917785,0.998584
775.2,1.347648E-05,0.9985921,3.563002,0.002931447,0.9985921
775.8,1.376846E-05,0.9986003,3.56576,0.002994961,0.9986003
776.4,1.326038E-05,0.9986084,3.568518,0.002883791,0.9986084
777,1.234659E-05,0.9986161,3.571275,0.002684307,0.9986161
777.6,1.337409E-05,0.9986238,3.574033,0.002908592,0.9986238
778.2,1.26191E-05,0.9986316,3.576791,0.002743722,0.9986316
778.8,1.339472E-05,0.9986394,3.579549,0.002911947,0.9986394
779.4,1.298111E-05,0.9986473,3.582306,0.002819451,0.9986473
780,1.380588E-05,0.9986554,3.585064,0.002998565,0.9986554
780.6,1.431828E-05,0.9986638,3.587822,0.003108782,0.9986638
781.2,1.379569E-05,0.9986722,3.59058,0.002995873,0.9986722
781.8,1.296978E-05,0.9986802,3.593338,0.002817504,0.9986802
782.4,1.319199E-05,0.9986881,3.596095,0.002866775,0.9986881
783,1.298494E-05,0.9986959,3.598853,0.002822555,0.9986959
783.6,1.315686E-05,0.9987038,3.601611,0.002861681,0.9987038
784.2,1.287009E-05,0.9987116,3.604368,0.0027985,0.9987116
784.8,1.258739E-05,0.9987192,3.607126,0.002736394,0.9987192
785.4,1.16582E-05,0.9987265,3.609884,0.002533886,0.9987265
786,1.108556E-05,0.9987334,3.612641,0.002408805,0.9987334
786.6,1.12944E-05,0.99874,3.6154,0.002455591,0.99874
787.2,1.133654E-05,0.9987468,3.618157,0.002463582,0.9987468
787.8,1.147178E-05,0.9987537,3.620915,0.002493021,0.9987537
788.4,1.205257E-05,0.9987607,3.623673,0.002620255,0.9987607
789,1.172276E-05,0.9987679,3.62643,0.002547798,0.9987679
789.6,1.203219E-05,0.998775,3.629188,0.002614873,0.998775
790.2,1.19982E-05,0.9987822,3.631946,0.002609034,0.9987822
790.8,1.23457E-05,0.9987895,3.634703,0.002683024,0.9987895
791.4,1.24952E-05,0.998797,3.637461,0.00271623,0.998797
792,1.213433E-05,0.9988044,3.640219,0.002639756,0.9988044
792.6,1.293147E-05,0.9988119,3.642977,0.002812618,0.9988119
793.2,1.291313E-05,0.9988196,3.645735,0.002807774,0.9988196
793.8,1.264062E-05,0.9988273,3.648492,0.002748359,0.9988273
794.4,1.259465E-05,0.9988349,3.65125,0.002737263,0.9988349
795,1.214387E-05,0.9988423,3.654008,0.002639135,0.9988423
795.6,1.385479E-05,0.9988501,3.656766,0.003011482,0.9988501
796.2,1.357641E-05,0.9988583,3.659523,0.002948424,0.9988583
796.8,1.358571E-05,0.9988665,3.662281,0.002949832,0.9988665
797.4,1.364709E-05,0.9988746,3.665039,0.002963951,0.9988746
798,1.322076E-05,0.9988827,3.667796,0.002872282,0.9988827
798.6,1.278743E-05,0.9988905,3.670554,0.002777715,0.9988905
799.2,1.234888E-05,0.998898,3.673312,0.002682817,0.998898
799.8,1.207205E-05,0.9989054,3.67607,0.002624354,0.9989054
800.4,1.146452E-05,0.9989124,3.678828,0.002492151,0.9989124
801,1.214045E-05,0.9989195,3.681585,0.002641371,0.9989195
801.6,1.115689E-05,0.9989265,3.684343,0.002427643,0.9989265
802.2,1.157596E-05,0.9989333,3.687101,0.002518442,0.9989333
802.8,1.111091E-05,0.9989401,3.689858,0.002416547,0.9989401
803.4,1.094103E-05,0.9989467,3.692616,0.002377959,0.9989467
804,1.128217E-05,0.9989534,3.695374,0.002452362,0.9989534
804.6,1.15497E-05,0.9989603,3.698132,0.002509417,0.9989603
805.2,1.139001E-05,0.9989672,3.700889,0.00247352,0.9989672
805.8,1.17393E-05,0.9989741,3.703647,0.002550076,0.9989741
806.4,1.179865E-05,0.9989811,3.706405,0.002563656,0.9989811
807,1.184667E-05,0.9989883,3.709163,0.00257529,0.9989883
807.6,1.157098E-05,0.9989953,3.71192,0.002516082,0.9989953
808.2,1.147585E-05,0.9990022,3.714678,0.002494097,0.9990022
808.8,1.169692E-05,0.9990091,3.717436,0.002544113,0.9990091
809.4,1.093899E-05,0.9990159,3.720194,0.00237742,0.9990159
810,1.080172E-05,0.9990224,3.722951,0.002347444,0.9990224
810.6,1.093378E-05,0.999029,3.725709,0.002377089,0.999029
811.2,1.107219E-05,0.9990356,3.728467,0.00240632,0.9990356
811.8,1.092563E-05,0.9990422,3.731224,0.002374936,0.9990422
812.4,1.090525E-05,0.9990487,3.733982,0.002369554,0.9990487
813,1.081305E-05,0.9990552,3.73674,0.00234939,0.9990552
813.6,1.046262E-05,0.9990616,3.739498,0.002273579,0.9990616
814.2,1.018604E-05,0.9990678,3.742256,0.002213088,0.9990678
814.8,1.095032E-05,0.9990742,3.745013,0.002379367,0.9990742
815.4,1.16983E-05,0.9990809,3.747771,0.002541339,0.9990809
816,1.159592E-05,0.999088,3.750529,0.002518485,0.999088
816.6,1.122217E-05,0.9990948,3.753286,0.00243547,0.9990948
817.2,1.100176E-05,0.9991015,3.756044,0.002388766,0.9991015
817.8,1.029478E-05,0.9991078,3.758802,0.002235529,0.9991078
818.4,1.043115E-05,0.9991141,3.76156,0.002264223,0.9991141
819,1.015661E-05,0.9991202,3.764317,0.002204269,0.9991202
819.6,1.074669E-05,0.9991265,3.767075,0.002332912,0.9991265
820.2,1.041982E-05,0.9991329,3.769833,0.002262276,0.9991329
820.8,1.072493E-05,0.9991392,3.772591,0.002330303,0.9991392
821.4,1.010925E-05,0.9991454,3.775349,0.002195947,0.9991454
822,9.893154E-06,0.9991514,3.778106,0.002148291,0.9991514
822.6,1.012034E-05,0.9991574,3.780864,0.002199921,0.9991574
823.2,9.951356E-06,0.9991634,3.783622,0.002162616,0.9991634
823.8,1.019011E-05,0.9991695,3.786379,0.002214165,0.9991695
824.4,1.013688E-05,0.9991756,3.789137,0.002202199,0.9991756
825,9.579402E-06,0.9991815,3.791895,0.002082168,0.9991815
825.6,1.039398E-05,0.9991875,3.794652,0.002258591,0.9991875
826.2,9.879786E-06,0.9991936,3.79741,0.002145807,0.9991936
826.8,9.59595E-06,0.9991994,3.800168,0.002084446,0.9991994
827.4,9.848076E-06,0.9992053,3.802926,0.002138478,0.9992053
828,9.10963E-06,0.999211,3.805684,0.001975885,0.999211
828.6,9.623828E-06,0.9992166,3.808441,0.002088669,0.9992166
829.2,9.987386E-06,0.9992225,3.811199,0.002168993,0.9992225
829.8,9.816122E-06,0.9992284,3.813957,0.002133178,0.9992284
830.4,1.006507E-05,0.9992344,3.816714,0.002187418,0.9992344
831,1.151889E-05,0.9992408,3.819472,0.002503372,0.9992408
831.6,1.257516E-05,0.9992481,3.82223,0.002733164,0.9992481
832.2,1.23201E-05,0.9992555,3.824988,0.00267731,0.9992555
832.8,1.113471E-05,0.9992626,3.827745,0.002419694,0.9992626
833.4,1.115623E-05,0.9992693,3.830503,0.002424331,0.9992693
834,1.013167E-05,0.9992757,3.833261,0.002201868,0.9992757
834.6,9.683823E-06,0.9992816,3.836019,0.002105561,0.9992816
835.2,9.310076E-06,0.9992873,3.838777,0.002022547,0.9992873
835.8,9.771045E-06,0.999293,3.841534,0.002123365,0.999293
836.4,9.240299E-06,0.9992987,3.844292,0.002008303,0.9992987
837,8.795879E-06,0.9993041,3.84705,0.001909762,0.9993041
837.6,9.419714E-06,0.9993096,3.849807,0.002046271,0.9993096
838.2,9.490388E-06,0.9993153,3.852565,0.002061798,0.9993153
838.8,1.008659E-05,0.9993212,3.855323,0.002192055,0.9993212
839.4,9.557882E-06,0.9993271,3.85808,0.002077531,0.9993271
840,9.616329E-06,0.9993328,3.860839,0.002089828,0.9993328
840.6,8.660402E-06,0.9993383,3.863596,0.001882352,0.9993383
841.2,8.133977E-06,0.9993433,3.866354,0.001766339,0.9993433
841.8,7.765203E-06,0.9993481,3.869112,0.001685684,0.9993481
842.4,7.927171E-06,0.9993528,3.871869,0.001720091,0.9993528
843,7.744822E-06,0.9993575,3.874627,0.001680301,0.9993575
843.6,8.640266E-06,0.9993624,3.877385,0.001874942,0.9993624
844.2,8.745584E-06,0.9993676,3.880142,0.001899618,0.9993676
844.8,8.70662E-06,0.9993728,3.8829,0.00189142,0.9993728
845.4,9.081752E-06,0.9993782,3.885658,0.001971661,0.9993782
846,8.859297E-06,0.9993836,3.888416,0.001924419,0.9993836
846.6,8.147344E-06,0.9993887,3.891174,0.001768823,0.9993887
847.2,8.308173E-06,0.9993936,3.893931,0.001803975,0.9993936
847.8,8.346896E-06,0.9993986,3.896689,0.001814201,0.9993986
848.4,8.870386E-06,0.9994038,3.899447,0.001928393,0.9994038
849,9.094634E-06,0.9994092,3.902205,0.001978202,0.9994092
849.6,9.315947E-06,0.9994147,3.904962,0.00202619,0.9994147
850.2,9.845551E-06,0.9994204,3.90772,0.002141996,0.9994204
850.8,9.515741E-06,0.9994262,3.910478,0.00206954,0.9994262
851.4,9.171664E-06,0.9994319,3.913235,0.001993315,0.9994319
852,8.981163E-06,0.9994373,3.915993,0.001951373,0.9994373
852.6,8.854325E-06,0.9994427,3.918751,0.00192206,0.9994427
853.2,9.052081E-06,0.999448,3.921509,0.001964872,0.999448
853.8,9.099196E-06,0.9994535,3.924267,0.001975222,0.9994535
854.4,9.103272E-06,0.9994589,3.927024,0.001976298,0.9994589
855,9.476123E-06,0.9994645,3.929782,0.00205803,0.9994645
855.6,9.586657E-06,0.9994702,3.93254,0.002083038,0.9994702
856.2,9.664586E-06,0.999476,3.935297,0.002099434,0.999476
856.8,1.028027E-05,0.999482,3.938055,0.00223379,0.999482
857.4,9.815226E-06,0.999488,3.940813,0.002131895,0.999488
858,9.536607E-06,0.9994938,3.943571,0.002070865,0.9994938
858.6,9.056156E-06,0.9994994,3.946328,0.001965947,0.9994994
859.2,8.35643E-06,0.9995046,3.949086,0.001813581,0.9995046
859.8,8.395395E-06,0.9995096,3.951844,0.001821779,0.9995096
860.4,8.583858E-06,0.9995147,3.954602,0.001863183,0.9995147
861,8.49574E-06,0.9995199,3.957359,0.001844096,0.9995199
861.6,8.74966E-06,0.999525,3.960117,0.001900694,0.999525
862.2,8.785446E-06,0.9995303,3.962875,0.001909099,0.9995303
862.8,8.765964E-06,0.9995356,3.965633,0.001905,0.9995356
863.4,8.862234E-06,0.9995408,3.96839,0.001926241,0.9995408
864,8.73719E-06,0.9995461,3.971148,0.001899493,0.9995461
864.6,8.309072E-06,0.9995512,3.973906,0.001805258,0.9995512
865.2,7.660538E-06,0.999556,3.976663,0.001664319,0.999556
865.8,7.247584E-06,0.9995605,3.979421,0.001575135,0.9995605
866.4,7.412732E-06,0.9995649,3.982179,0.001609335,0.9995649
867,7.304235E-06,0.9995693,3.984937,0.001584865,0.9995693
867.6,7.371973E-06,0.9995737,3.987695,0.00159857,0.9995737
868.2,6.995945E-06,0.999578,3.990452,0.001517045,0.999578
868.8,7.382163E-06,0.9995823,3.99321,0.001601261,0.9995823
869.4,6.470174E-06,0.9995865,3.995968,0.001404343,0.9995865
870,6.838948E-06,0.9995905,3.998725,0.001484998,0.9995905
870.6,7.396185E-06,0.9995947,4.001483,0.001607057,0.9995947
871.2,7.493595E-06,0.9995992,4.004241,0.001627552,0.9995992
871.8,7.641056E-06,0.9996038,4.006999,0.00166022,0.9996038
872.4,7.902474E-06,0.9996084,4.009756,0.00171566,0.9996084
873,7.359502E-06,0.999613,4.012514,0.001597369,0.999613
873.6,7.867586E-06,0.9996176,4.015272,0.001708539,0.9996176
874.2,7.89522E-06,0.9996223,4.01803,0.001714791,0.9996223
874.8,8.026377E-06,0.9996271,4.020788,0.001743152,0.9996271
875.4,7.953666E-06,0.9996319,4.023545,0.001727088,0.9996319
876,7.957742E-06,0.9996367,4.026303,0.001728164,0.9996367
876.6,8.037708E-06,0.9996414,4.029061,0.001745099,0.9996414
877.2,8.453596E-06,0.9996464,4.031818,0.001836104,0.9996464
877.8,8.146205E-06,0.9996514,4.034576,0.001769568,0.9996514
878.4,8.16047E-06,0.9996563,4.037334,0.001773335,0.9996563
879,7.917637E-06,0.9996611,4.040091,0.001720711,0.9996611
879.6,8.260816E-06,0.999666,4.042849,0.001795652,0.999666
880.2,8.127863E-06,0.9996709,4.045607,0.001764724,0.9996709
880.8,8.670834E-06,0.9996759,4.048365,0.001883015,0.9996759
881.4,8.274426E-06,0.999681,4.051123,0.001796108,0.999681
882,8.659504E-06,0.9996861,4.05388,0.001881069,0.9996861
882.6,8.481232E-06,0.9996912,4.056638,0.001842356,0.9996912
883.2,8.391076E-06,0.9996963,4.059396,0.001822731,0.9996963
883.8,8.165687E-06,0.9997012,4.062153,0.001773667,0.9997012
884.4,7.871662E-06,0.9997061,4.064911,0.001709615,0.9997061
885,7.542749E-06,0.9997107,4.067669,0.001638441,0.9997107
885.6,7.699503E-06,0.9997152,4.070427,0.001672517,0.9997152
886.2,7.377844E-06,0.9997198,4.073184,0.001602213,0.9997198
886.8,7.289726E-06,0.9997242,4.075942,0.001583126,0.9997242
887.4,7.03059E-06,0.9997285,4.0787,0.001526195,0.9997285
888,6.634181E-06,0.9997325,4.081458,0.001439288,0.9997325
888.6,6.983474E-06,0.9997367,4.084216,0.001515844,0.9997367
889.2,6.853457E-06,0.9997408,4.086973,0.001486737,0.9997408
889.8,7.380125E-06,0.9997451,4.089731,0.001600723,0.9997451
890.4,7.123924E-06,0.9997494,4.092489,0.001545614,0.9997494
891,7.147481E-06,0.9997537,4.095246,0.001550789,0.9997537
891.6,6.887204E-06,0.9997579,4.098004,0.001494604,0.9997579
